REG_ANS;CNPJ;Razao_Social
419761;1,95419E+13;18 DE JULHO ADMINISTRADORA DE BENEFÍCIOS LTDA
421545;2,287E+13;2B ODONTOLOGIA OPERADORA DE PLANOS ODONTOLÓGICOS LTDA
421421;2,74525E+13;2CARE OPERADORA DE SAÚDE LTDA.
418030;1,31389E+13;A.P.S. ADMINISTRADORA DE BENEFÍCOS LTDA.
314668;1,75058E+13;ABERTTA SAÚDE - ASSOCIAÇÃO BENEFICENTE DOS EMPREGADOS DA ARCELORMITTAL NO BRASIL
419621;1,76875E+13;ABPLUS ADMINISTRADORA DE BENEFÍCIOS LTDA.
418901;1,04583E+13;AD SALUTE ADMINISTRADORA DE BENEFÍCIOS LTDA
424293;5,82802E+13;ADC ADMINISTRADORA DE BENEFICIOS LTDA
421553;2,83158E+13;ADM LIFE - ADMINISTRADORA DE BENEFÍCIOS LTDA.
416932;7,86783E+12;ADMSERV BENEFÍCIOS E SERVIÇOS LTDA
422347;3,72015E+13;ADRESS ADMINISTRADORA DE BENEFICIOS LTDA
335657;2,04181E+12;ADVANCE PLANOS DE SAÚDE LTDA
413283;3,69437E+12;AESP ODONTO ASSISTÊNCIA ODONTOLÓGICA S/S LTDA EPP
417424;1,11585E+13;AFFIX ADMINISTRADORA DE BENEFÍCIOS LTDA
368920;2,03205E+13;AGROS - INSTITUTO UFV DE SEGURIDADE SOCIAL
424285;5,75224E+13;AIRES OPERADORA DE SAUDE LTDA
417742;1,03873E+13;ALACORÔ CASF ASSOCIAÇÃO CLUBE DE BENEFICIOS PESSOAIS E EMPRESARIAIS
421928;3,42666E+13;ALICE OPERADORA LTDA.
417289;7,67459E+12;ALL CARE ADMINISTRADORA DE BENEFÍCIOS SÃO PAULO LTDA
417459;1,11656E+13;ALLCARE ADMINISTRADORA DE BENEFÍCIOS EM SAÚDE LTDA.
515;4,43963E+12;ALLIANZ SAÚDE S/A
423262;4,55685E+13;ALMA ODONTO OPERADORA DE PLANOS ODONTOLOGICOS LTDA
419982;2,04593E+13;ALPHA DENTAL PLANO DE SAUDE LTDA ME
420255;2,21031E+13;ALTER ADMINISTRADORA DE BENEFICIOS S.A.
418773;1,67577E+13;ALUVES ADMINISTRADORA DE  BENEFICIOS LTDA
344800;6,2511E+13;ALVORECER - ASSOCIAÇÃO DE SOCORROS MÚTUOS
424234;5,63075E+13;AMAZIL ASSISTENCIA MEDICA DO BRASIL LTDA
419052;1,6927E+13;AMAZÔNIA PLANOS DE SAÚDE LTDA
423351;4,66145E+13;AME VVIDA PLANOS DE SAUDE INTEGRADO LTDA.
304531;1,71439E+13;AME-ASSISTÊNCIA MÉDICA A EMPRESAS LTDA
413330;4,25707E+12;AMEP FREGUESIA OPERADORA DE PLANO DE SAUDE LTDA
394734;6,784E+13;AMEPLAN ASSISTÊNCIA MÉDICA PLANEJADA LTDA
401081;6,8668E+13;AMESC - ASSOCIAÇÃO MÉDICA ESPÍRITA CRISTÃ
418587;1,51311E+13;AMHA SAUDE S/A
421731;2,91749E+13;AMHE MED ASSISTENCIA A SAUDE LTDA - EPP
326305;2,93091E+13;AMIL ASSISTÊNCIA MÉDICA INTERNACIONAL S.A.
325465;2,09469E+13;AMPARA ASSISTÊNCIA MÉDICA PARAÍSO LTDA
422720;4,10775E+13;AMPLA PLANOS DE SAUDE LTDA
423858;4,30476E+13;AMPLITUDE PLANOS DE SAUDE LTDA 
424277;5,73957E+13;AMÉLIA OPERADORA DE PLANOS DE SAUDE S/A.
423319;4,59812E+13;ANAFE SAUDE
421871;3,01378E+12;ANGELI SISTEMAS DE SAUDE S.A.
424366;5,50816E+13;AP ADMINISTRAÇÃO DE BENEFICIOS - SOCIEDADE SIMPLES UNIPESSOAL LIMITADA
422932;3,58085E+13;APLUS ADMINISTRADORA DE BENEFICIOS LTDA
421693;3,09025E+13;AQQUER - ADMINISTRADORA DE BENEFÍCIOS LTDA
416070;1,74697E+13;ARCELORMITTAL BRASIL S/A
422941;4,17153E+13;ARL ADMINISTRADORA DE BENEFÍCIOS LTDA.
352152;7,43507E+11;ARM PLANOS ODONTOLÓGICOS LTDA.
424340;5,72673E+13;ARTYODONTO BRASIL  PLANO DE ASSISTÊNCIA ODONTOLÓGICA LTDA
417769;1,20805E+13;ASSISTE ADMINISTRADORA DE BENEFÍCIOS LTDA
423912;5,32498E+13;ASSISTÊNCIA MÉDICA 12 DE OUTUBRO LTDA
325236;6,68548E+13;ASSISTÊNCIA MÉDICA SÃO MIGUEL LTDA
365297;1,87259E+12;ASSISTÊNCIA ODONTOLÓGICA ESPECIALIZADA LTDA
423432;4,73253E+13;ASSOC DE ASSIST À SAÚDE DOS SERV DAS UNIV E INST FED, EST E/OU FAC PART EM PE
409634;7,35653E+13;ASSOCIACAO CIVIL PRÓ-SAÚDE DOS SERVIDORES DA UNIVERSIDADE ESTADUAL DE PONTA GROSSA
360783;5,90078E+13;ASSOCIACAO DE SAUDE HOLAMBRA
317632;6,2636E+13;ASSOCIACAO DOS AUDITORES FISCAIS DA RECEITA ESTADUAL DE SAO PAULO
343129;1,31008E+13;ASSOCIACAO DOS PROFESSORES UNIVERSITÁRIOS DA BAHIA
420093;1,30832E+13;ASSOCIACAO DOS SERVIDORES DA EMDAGRO - ASSEM
406635;7,15657E+13;ASSOCIACAO POLICIAL DE ASSISTENCIA A SAUDE DE ITAPETININGA
410608;2,0072E+11;ASSOCIACAO POLICIAL DE ASSISTENCIA A SAUDE DE PRESIDENTE PRUDENTE (APAS)
417599;9,2741E+13;ASSOCIAÇAO DOS FUNCIONARIOS PUBLICOS DO ESTADO DO RIO GRANDE DO SUL
333867;8,97617E+13;ASSOCIAÇAO UNISAUDE MARAU
406554;8,33673E+13;ASSOCIAÇÃO ADVENTISTA NORTE BRASILEIRA DE PREVENÇÃO E ASSISTÊNCIA A SAÚDE
411752;3,84945E+12;ASSOCIAÇÃO ASSISTENCIAL DE SAÚDE SUPLEMENTAR CRUZ AZUL SAÚDE
322326;2,53358E+13;ASSOCIAÇÃO BENEFICENTE CATÓLICA
304131;2,03025E+12;ASSOCIAÇÃO BENEFICENTE DE ASSISTÊNCIA A SAÚDE DOS JUÍZES DO TRABALHO DA 15ª REGIÃO (ABAS 15)
382540;3,1241E+13;ASSOCIAÇÃO BENEFICENTE DOS PROFESSORES PÚBLICOS ATIVOS E INATIVOS DO RIO DE JANEIRO - APPAI
417947;1,09355E+13;ASSOCIAÇÃO DA SANTA CASA SAÚDE DE RIBEIRÃO PRETO
417955;7,94502E+12;ASSOCIAÇÃO DE ASSISTÊNCIA MÉDICO HOSPITALAR DOS MAGISTRADOS DO ESTADO DO PARANÁ
416690;7,78135E+12;ASSOCIAÇÃO DE ASSISTÊNCIA À SAÚDE DA AMAGIS
416568;8,20204E+12;ASSOCIAÇÃO DE ASSISTÊNCIA À SAÚDE DOS EMPREGADOS DA COPASA
314218;6,09752E+13;ASSOCIAÇÃO DE BENEFICÊNCIA E FILANTROPIA SÃO CRISTOVÃO
422321;3,56573E+13;ASSOCIAÇÃO DE SAÚDE DO VALE
418731;1,50224E+13;ASSOCIAÇÃO DE SAÚDE DOS FORNECEDORES DE CANA DE PIRACICABA E REGIÃO
417530;1,19394E+13;ASSOCIAÇÃO DE SAÚDE PORTUGUESA DE BENEFICÊNCIA
393533;1,2317E+13;ASSOCIAÇÃO DO FISCO DE ALAGOAS
420000;1,57131E+13;ASSOCIAÇÃO DO PLANO DE SAÚDE DA SANTA CASA DE MISERICÓRDIA DE ITABUNA - PLANSUL
387185;3,40113E+13;ASSOCIAÇÃO DOS AUDITORES FISCAIS DA RECEITA ESTADUAL DO RIO DE JANEIRO
330281;9,30624E+12;ASSOCIAÇÃO DOS AUDITORES FISCAIS DO ESTADO DA PARAÍBA - AFRAFEP
384704;1,31704E+13;ASSOCIAÇÃO DOS EMPREGADOS DA COMPANHIA ESTADUAL DE HABITAÇÃO E OBRAS PÚBLICAS - ASSEC
382639;9,29111E+13;ASSOCIAÇÃO DOS FISCAIS DE TRIBUTOS ESTADUAIS DO RS - AFISVEC
306754;2,99149E+11;ASSOCIAÇÃO DOS FUNCIONÁRIOS DO FISCO DO ESTADO DE GOIÁS
388092;4,50325E+12;ASSOCIAÇÃO DOS FUNCIONÁRIOS FISCAIS DO ESTADO DO AMAZONAS - AFFEAM
335754;1,4799E+13;ASSOCIAÇÃO DOS SERVIDORES FISCAIS DO ESTADO DA BAHIA
309028;2,9168E+13;ASSOCIAÇÃO DOS SERVIDORES MUNICIPAIS, ESTADUAIS E FEDERAIS DO RIO DE JANEIRO
419591;2,01608E+13;ASSOCIAÇÃO DOS SERVIDORES PÚBLICOS DA ADMINISTRAÇÃO DIRETA DO GOVERNO DO ESTADO DO PARÁ - ASPARÁ
342556;8,75474E+13;ASSOCIAÇÃO DR. BARTHOLOMEU TACCHINI
326755;7,86138E+13;ASSOCIAÇÃO EVANGELICA BENEFICENTE DE LONDRINA
422053;3,39222E+13;ASSOCIAÇÃO FCA SAÚDE
416584;8,88327E+12;ASSOCIAÇÃO FUNDO DE PROTEÇÃO À SAÚDE
402206;2,22014E+12;ASSOCIAÇÃO GOIANA DO MINISTÉRIO PÚBLICO
421618;3,07246E+13;ASSOCIAÇÃO HOSPITAL SAÚDE DE VARGEM GRANDE DO SUL
423807;9,26858E+13;ASSOCIAÇÃO HOSPITALAR MOINHOS DE VENTO
419150;1,53233E+13;ASSOCIAÇÃO MAIS SAÚDE SANTA CASA DE SÃO JOÃO DA BOA VISTA
417211;1,11778E+13;ASSOCIAÇÃO MINEIRA DE ASSISTÊNCIA À SAÚDE DOS MEMBROS DO MINISTÉRIO PÚBLICO
420158;2,38693E+13;ASSOCIAÇÃO PADRE ALBINO SAÚDE
420816;2,51412E+13;ASSOCIAÇÃO PADRE PIO PLANOS DE SAÚDE
418617;1,20495E+13;ASSOCIAÇÃO PARANAENSE DE ASSISTÊNCIA À SAUDE DOS MEMBROS DO MINISTERIO PUBLICO DO PARANÁ
422631;3,94276E+13;ASSOCIAÇÃO PETROBRAS DE SAÚDE - APS
419958;2,09618E+13;ASSOCIAÇÃO PLANO DE SAÚDE SANTA CASA DE VALINHOS
408093;6,64933E+13;ASSOCIAÇÃO POLICIAL DE ASSISTENCIA A SAUDE DE BOTUCATU
408263;7,17533E+13;ASSOCIAÇÃO POLICIAL DE ASSISTENCIA À SAUDE DE SAO JOAO DA BOA VISTA
409413;4,44803E+11;ASSOCIAÇÃO POLICIAL DE ASSISTÊNCIA A SAÚDE
410110;34259000153;ASSOCIAÇÃO POLICIAL DE ASSISTÊNCIA A SAÚDE DA BAIXADA SANTISTA
406813;5,97661E+13;ASSOCIAÇÃO POLICIAL DE ASSISTÊNCIA À SAÚDE
406937;5,72725E+13;ASSOCIAÇÃO POLICIAL DE ASSISTÊNCIA À SAÚDE
410128;7,15593E+13;ASSOCIAÇÃO POLICIAL DE ASSISTÊNCIA À SAÚDE
409405;6,42842E+11;ASSOCIAÇÃO POLICIAL DE ASSISTÊNCIA À SAÚDE - VALE DO RIBEIRA
423203;8,41848E+11;ASSOCIAÇÃO POLICIAL DE ASSISTÊNCIA À SAÚDE APAS
414212;5,97621E+13;ASSOCIAÇÃO POLICIAL DE ASSISTÊNCIA À SAÚDE DE ARAÇATUBA (APAS)
407569;7,29164E+13;ASSOCIAÇÃO POLICIAL DE ASSISTÊNCIA À SAÚDE DE BARRETOS
406945;1,47571E+11;ASSOCIAÇÃO POLICIAL DE ASSISTÊNCIA À SAÚDE DE BAURU
408026;6,6569E+11;ASSOCIAÇÃO POLICIAL DE ASSISTÊNCIA À SAÚDE DE DRACENA
408034;6,6491E+13;ASSOCIAÇÃO POLICIAL DE ASSISTÊNCIA À SAÚDE DE JAÚ
411248;6,48506E+11;ASSOCIAÇÃO POLICIAL DE ASSISTÊNCIA À SAÚDE DE PRESIDENTE VENCESLAU
408794;7,29183E+13;ASSOCIAÇÃO POLICIAL DE ASSISTÊNCIA À SAÚDE DE RIBEIRÃO PRETO (APAS)
420786;2,48075E+13;ASSOCIAÇÃO SANTA CASA CLÍNICAS DE BIRIGUI
418803;1,66656E+13;ASSOCIAÇÃO SANTA CASA SAÚDE DE ARAÇATUBA
419249;1,83215E+13;ASSOCIAÇÃO SANTA CASA SAÚDE DE SÃO JOSÉ DOS CAMPOS
418021;1,30012E+13;ASSOCIAÇÃO SANTA SAÚDE
330892;2,90348E+12;ASSOCIAÇÃO SAÚDE CONCEIÇÃO
418218;1,13367E+13;ASSOCIAÇÃO SAÚDE RURAL ALEGRETE
418919;1,18674E+13;ASSOCIAÇÃO SAÚDE SÃO JOSÉ
417220;1,07961E+13;ASSOCIAÇÃO SERVIÇOS ODONTOLÓGICOS DA INDÚSTRIA DE MINAS GERAIS - ODONTOINDUSTRIA
419141;1,49461E+13;ASSOCIAÇÃO SÃO FRANCISCO VIDA
421006;2,70675E+13;ASSOCIAÇÃO SÃO LUIZ SAÚDE
420123;2,35572E+13;ASSOCIAÇÃO UNIVIDA SANTA RITA DO PASSA QUATRO
412635;3,07714E+11;ASSOCIAÇÃO VALEPARAIBANA DE ASSISTÊNCIA MÉDICA POLICIAL
420794;2,37795E+13;ASSOREL BRASIL ADMINISTRADORA DE BENEFICIOS LTDA - EPP
336874;1,52451E+13;ATEMDE ODONTO SAÚDE CLUBE DE BENEFÍCIOS
424528;5,96416E+13;ATIMED ASSISTENCIA MEDICA LTDA
422151;3,47321E+13;ATITUDE SAÚDE ASSISTÊNCIA MEDICA LTDA
424714;6,23835E+13;ATIVUS LIFE ADMINISTRADORA DE BENEFICIOS LTDA
320510;6,92892E+13;ATÍVIA SERVIÇOS DE SAÚDE S/A
423629;4,99555E+13;AURORA SAÚDE LTDA
327417;5,98478E+13;AUSTACLINICAS ASSISTÊNCIA MÉDICA E HOSPITALAR LTDA
423734;5,05078E+13;AVANT ADMINISTRADORA DE BENEFICIOS LTDA
424005;5,11247E+13;AVANTI ADMINISTRADORA DE BENEFÍCIOS EM SAÚDE LTDA EPP
418013;1,29032E+13;BACCS ADMINISTRADORA DE BENEFÍCIOS LTDA
422991;4,12153E+13;BAUEN LIFE LTDA.
419257;1,92405E+13;BCI ADMINISTRADORA DE BENEFÍCIOS LTDA.
419125;7,61195E+12;BEDOIS SERVIÇOS DE ADMINISTRAÇÃO DE BENEFÍCIOS LTDA.
421332;2,91383E+13;BEM ADMINISTRADORAS LTDA
420697;2,53138E+13;BEM ESTAR ADMINISTRADORA DE BENEFÍCIOS LTDA
417874;8,1926E+12;BEM MAIS ODONTO OPERADORA ODONTOLÓGICA LTDA.
423181;4,5051E+13;BEMSTAR ASSISTENCIA MEDICA LTDA
318299;8,3506E+13;BENEFICENCIA CAMILIANA DO SUL
421189;2,27091E+13;BENEFICENCIA SOCIAL BOM SAMARITANO
419869;1,23803E+13;BENEFIT ADMINISTRADORA DE BENEFÍCIOS LTDA.
423891;5,04361E+13;BENEFIT BENEFICIOS LTDA
423467;4,60924E+13;BENET ADMINISTRAÇÃO DE BENEFÍCIOS LTDA
421324;2,91791E+13;BENEVITAE ADMINISTRADORA DE BENEFÍCIOS LTDA
417718;1,10731E+13;BENEVIX ADMINISTRADORA DE BENEFÍCIOS LTDA
366561;2,84939E+12;BENSAUDE PLANO DE ASSISTENCIA MEDICA HOSPITALAR LTDA.
420042;1,38524E+13;BEST LIFE ASSESSORIA NA GESTÃO E ADMINISTRADORA DE BENEFÍCIOS LTDA
421766;3,24217E+13;BEST SENIOR OPERADORA DE SAÚDE LTDA
402966;3,12315E+12;BIO SAÚDE SERVIÇOS MÉDICOS LTDA
419079;1,46742E+13;BIORAL SISTEMA ODONTOLÓGICO LTDA.
415111;4,29914E+12;BIOVIDA SAÚDE LTDA.
422401;3,46736E+13;BIT LIFE BENEFÍCIOS LTDA
424552;6,02336E+13;BKR SAÚDE ADMINISTRADORA DE BENEFÍCIOS LTDA
424170;5,45579E+13;BLUZZ SAÚDE S/A
424218;5,69807E+13;BOA SAUDE ADMNISTRADORA DE BENEFICIOS DE SAUDE LTDA
424706;6,20905E+13;BONNA SAUDE LTDA
421715;1,50117E+13;BRADESCO SAÚDE - OPERADORA DE PLANOS  S/A
5711;9,26931E+13;BRADESCO SAÚDE S.A.
421561;3,15961E+13;BRASIL ODONTO OPERADORA DE PLANOS ODONTOLÓGICOS LTDA
419419;1,99623E+13;BRASILDENTAL OPERADORA DE PLANOS ODONTOLÓGICOS S.A.
419613;1,48386E+13;BRAZIL DENTAL OPERADORA DE PLANOS ODONTOLÓGICOS LTDA
417238;1,83872E+12;BRF S/A
424536;5,82468E+13;BRS ADMINISTRADORA DE SAUDE LTDA
423530;4,62937E+13;BWG ADMINISTRADORA DE BENEFICIOS LTDA.
415774;7,84444E+12;CABERJ INTEGRAL SAÚDE S.A
424021;5,08054E+13;CACSS ADMINISTRADORA DE BENEFICIOS LTDA
327557;8,39376E+13;CAIXA ASSISTENCIAL E BENEFICENTE DOS FUNCIONÁRIOS DA ACARESC
347825;1,0522E+12;CAIXA ASSISTENCIAL UNIVERSITARIA DO RIO DE JANEIRO
314251;2,17235E+12;CAIXA ASSISTENCIAL UNIVERSITÁRIA DO RIO GRANDE DO NORTE
352331;6,22315E+13;CAIXA BENEFICENTE DOS FUNCIONARIOS DO BANCO DO ESTADO DE SÃO PAULO
414026;7,83047E+13;CAIXA BENEFICENTE DOS FUNCIONÁRIOS DO GRUPO IGUAÇU
316873;7,33955E+13;CAIXA DE ASSISTENCIA A SAUDE DA UNIVERSIDADE
413534;4,31109E+12;CAIXA DE ASSISTENCIA DOS SERVIDORES DO ESTADO DE MATO GROSSO DO SUL
418820;2,7086E+13;CAIXA DE ASSISTÊNCIA AOS MEMBROS DA DEFENSORIA PÚBLICA DO ESTADO DO RIO DE JANEIRO
413518;4,19751E+12;CAIXA DE ASSISTÊNCIA DO SINDFISCO - CASSIND
416401;8,09709E+12;CAIXA DE ASSISTÊNCIA DOS EMPREGADOS DA EMPRESA BRASILEIRA DE PESQUISA  AGROPECUÁRIA
363855;3,7382E+13;CAIXA DE ASSISTÊNCIA DOS EMPREGADOS DA SANEAGO
307319;2,31543E+12;CAIXA DE ASSISTÊNCIA DOS EMPREGADOS DO BANCO DO ESTADO DO RIO GRANDE DO SUL
315583;1,52155E+13;CAIXA DE ASSISTÊNCIA DOS EMPREGADOS DO BANEB
335789;1,30866E+13;CAIXA DE ASSISTÊNCIA DOS EMPREGADOS DO BANESE
344184;3,36016E+13;CAIXA DE ASSISTÊNCIA DOS EMPREGADOS DO SETOR PÚBLICO DO ESTADO DE GOIÁS - CAEME
343331;2,85021E+13;CAIXA DE ASSISTÊNCIA DOS EMPREGADOS DO SISTEMA FINANCEIRO BANESTES
358754;4,20429E+12;CAIXA DE ASSISTÊNCIA DOS FUNCIONÁRIOS DO BANCO DA AMAZÔNIA - CASF
346659;3,37195E+13;CAIXA DE ASSISTÊNCIA DOS FUNCIONÁRIOS DO BANCO DO BRASIL
385697;5,81478E+12;CAIXA DE ASSISTÊNCIA DOS FUNCIONÁRIOS DO BANCO DO NORDESTE DO BRASIL
302627;3,56173E+13;CAIXA DE ASSISTÊNCIA DOS MAGISTRADOS DE PERNAMBUCO
359122;6,33677E+13;CAIXA DE ASSISTÊNCIA DOS SERVIDORES FAZENDÁRIOS ESTADUAIS
417548;3,03301E+12;CAIXA DE ASSISTÊNCIA OSWALDO CRUZ
320820;6,6879E+11;CAIXA DE ASSISTÊNCIA SISTEMA SAÚDE INTEGRAL-SSI SAUDE
412295;3,70298E+12;CAIXA DE ASSISTÊNCIA À SAUDE DOS EMPREGADOS DA CODEVASF - CASEC
324361;4,21822E+13;CAIXA DE ASSISTÊNCIA À SAÚDE - CABERJ
417661;1,19961E+13;CAIXA DE ASSISTÊNCIA À SAÚDE DO SINDICATO DOS FUNCIONÁRIOS INTEGRANTES DO GRUPO OCUPACIONAL ADMINISTRAÇÃO TRIBUTÁRIA DO ESTADO DE PERNAMBUCO
421341;4,57463E+12;CAIXA DE ASSISTÊNCIA À SAÚDE DOS SERVIDORES PÚBLICOS DO ESTADO DO MATO GROSSO DO SUL
419851;2,12058E+13;CAIXA DE ASSISTÊNCIA À SAÚDE DOS TRABALHADORES NAS INDÚSTRIAS METALÚRGICAS, MECÂNICAS E DO MATERIAL ELÉTRICO DE BRUSQUE
324477;3,00367E+13;CAIXA DE PREVIDÊNCIA E ASSISTÊNCIA DOS SERVIDORES DA FUNDAÇÃO NACIONAL DE SAÚDE - CAPESESP
312924;3,60305E+11;CAIXA ECONÔMICA FEDERAL
418072;1,3224E+13;CAIXA SEGURADORA ESPECIALIZADA EM SAÚDE S/A
319872;3,59086E+13;CAMIM OPERADORA DE PLANO DE SAÚDE LTDA
417785;4,56622E+12;CAMPEÃ ADMINISTRADORA DE BENEFÍCIOS LTDA.
419265;1,76347E+13;CAPITAL ADMINISTRADORA DE BENEFÍCIOS LTDA.
379956;2,72535E+12;CARE PLUS MEDICINA ASSISTENCIAL LTDA.
389358;8,56424E+11;CARE PLUS ODONTOLOGIA ASSISTENCIAL LTDA.
422304;3,62635E+13;CARING SAÚDE ASSISTÊNCIA MÉDICA LTDA.
327328;5,45543E+12;CASA DE SAÚDE NOSSA SENHORA DE FÁTIMA  LTDA.
417165;9,11471E+12;CASE - CENTRAL DE ADMINISTRAÇÃO DE PLANO DE SAÚDE LTDA
423637;4,98848E+13;CASUFES SAÚDE ADMINISTRADORA DE BENEFÍCIOS
415952;6,41705E+13;CDA - ASSISTÊNCIA ODONTOLÓGICA LTDA - EPP
311472;1,89871E+13;CEAM BRASIL - PLANOS DE SAÚDE LTDA
418749;6,81435E+12;CEDPLAN SAÚDE LTDA EPP
339270;4,22788E+13;CELULOSE NIPO-BRASILEIRA S/A - CENIBRA
417505;1,20558E+13;CEMIG SAÚDE
422436;4,94019E+12;CENIBRA LOGÍSTICA LTDA
417092;1,054E+13;CENTRAL OPERADORA DE PLANOS DE SAÚDE NORTE-NORDESTE LTDA
386596;3,66982E+11;CENTRAL REGIONAL DAS COOPERATIVAS MÉDICAS - UNIMED CERRADO
392804;7,73639E+11;CENTRO CLÍNICO GAÚCHO LTDA
415910;2,56947E+12;CENTRO DE ENDOCRINOLOGIA DE JUNDIAÍ S/S LTDA
350699;9,50062E+11;CENTRO HOSPITALAR ATIBAIA LTDA.
314757;3,7161E+13;CENTRO ODONTOLOGICO INTEGRADO LTDA
303623;6,26384E+13;CENTRO TRASMONTANO DE SAO PAULO
401871;6,49286E+13;CEORP - CENTRO ODONTOLOGICO LTDA
324892;4,37765E+13;CETESB - COMPANHIA AMBIENTAL DO ESTADO DE SÃO PAULO
310247;8,86454E+13;CIRCULO OPERARIO CAXIENSE
423963;4,04325E+13;CLARO S.A
419435;2,00884E+13;CLASSE ADMINISTRADORA DE BENEFÍCIOS LTDA - ME
423327;4,33834E+13;CLICSAUDE ADMINISTRADORA DE BENEFICIOS LTDA
410071;3,44795E+12;CLINICA ODONTOLOGICA ODONTOPLAN LTDA
340782;7,68826E+13;CLINIPAM CLINICA PARANAENSE DE ASSISTENCIA MEDICA LTDA
417891;9,58527E+12;CLUBE DE BENEFICIOS PARA COOP., ASS., CONS., SIND. E SEGUROS - CBCACSS
422461;3,80463E+13;CLUBE SILVER ADMINISTRADORA DE PLANOS DE SAUDE LTDA
415944;5,12623E+13;CLÍNICA SÃO GABRIEL S/S LTDA
419796;1,43721E+13;COMPANHIA DAS DOCAS DO ESTADO DA BAHIA - CODEBA
330051;4,79026E+13;COMPANHIA DE ENGENHARIA DE TRAFEGO - CET
416509;2,73165E+13;COMPANHIA DOCAS DO ESPIRITO SANTO - CODESA
392405;2,81514E+13;COMPANHIA ESPIRITO SANTENSE DE SANEAMENTO
334189;2,64617E+13;COMPANHIA NACIONAL DE ABASTECIMENTO - CONAB
420247;2,39207E+13;COMPAR ADMINISTRADORA DE BENEFICIOS LTDA - ME
390259;7,00946E+13;COMSEDER - COOPERATIVA DE ASSISTÊNCIA MÉDICA DOS SERVIDORES DA SUPLAN E DO DER LTDA
424579;6,06626E+13;CONECTA ADMINISTRADORA DE BENEFICIOS LTDA
423220;4,54003E+13;CONECTAPLAN ADMINISTRADORA DE BENEFÍCIOS LTDA
321931;2,96406E+13;CONFERÊNCIA SÃO JOSÉ DO AVAÍ
410624;3,61386E+12;CONFIANÇA ASSISTÊNCIA MÉDICO HOSPITALAR LTDA
405931;6,05375E+13;CONSTRUDENTE ASSISTENCIA ODONTOLOGICA LTDA
418323;1,32863E+13;CONTEM ADMINISTRADORA DE PLANOS DE SAÚDE LTDA.
407241;2,29825E+12;COOP-ODONTOCLASSIC - COOPERATIVA DE TRABALHO ODONTOLÓGICO
367087;8,71585E+13;COOPERATIVA CENTRAL UNIMED DE COOPERATIVAS DE ASSISTÊNCIA À SAÚDE DO RIO GRANDE DO SUL LTDA.
353477;1,04172E+12;COOPERATIVA DE ASSISTÊNCIA ODONTOLÓGICA VALE DO CAÍ LTDA - DENTSUL
418242;1,75009E+12;COOPERATIVA DE SAÚDE ODONTOLÓGICA - UNIODONTO RORAIMA
313084;2,50641E+13;COOPERATIVA DE TRABALHO MEDICO DE ARAGUAÍNA - UNIMED ARAGUAÍNA
318213;8,52469E+13;COOPERATIVA DE TRABALHO MEDICO REGIÃO DO PLANALTO SERRANO
337188;2,14906E+13;COOPERATIVA DE TRABALHO MÉDICO DE POUSO ALEGRE
317012;8,51772E+13;COOPERATIVA DE TRABALHO MÉDICO DO PLANALTO NORTE DE SANTA CATARINA LTDA
419028;2,59067E+13;COOPERATIVA DE TRABALHO ODONTOLOGICO - UNIODONTO ITAJUBÁ
359459;2,72504E+12;COOPERATIVA DOS CIRURGIÕES DENTISTAS DO ESTADO DE SERGIPE
404241;7,23504E+13;COOPERATIVA DOS USUÁRIOS DE SERVIÇOS DE SAÚDE DO VALE DO RIO DOS SINOS LTDA
406805;3,26862E+12;COOPERATIVA DOS USUÁRIOS DE SERVIÇOS DE SAÚDE LTDA.
400572;2,94718E+12;COOPERATIVA EVIDENTE - COOPERATIVA DE TRABALHO ODONTOLÓGICA DE BOTUCATU
342335;1,5016E+12;COOPERATIVA ODONTOLÓGICA DE GARANHUNS E AGRESTE MERIDIONAL.
365785;2,25485E+12;COOPERATIVA ODONTOLÓGICA DO ESTADO DO AMAPÁ
409791;3,49403E+12;COOPERATIVA ODONTOLÓGICA POÇOS DE CALDAS
402010;4,91998E+11;COOPERATIVA ODONTOLÓGICA REGIÃO SUL DA BAHIA - UNIODONTO
353892;1,90527E+13;COOPERCISO - CENTRO INTEGRADO DE SERVIÇO ODONTOLÓGICO S/S LTDA.
418757;7,35055E+13;CORPLIFE ADMINISTRADORA DE BENEFÍCIOS LTDA 
418960;1,76709E+13;CORPORE ADMINISTRADORA DE BENEFICIOS DA SAUDE LTDA
368181;1,90096E+13;CROE - CENTRO DE REABILITACAO ORAL ESPECIALIZADO LTDA
397245;6,90993E+13;CROWN ODONTOLOGIA DE GRUPO LTDA
421952;3,38031E+13;CRZ PLANO ODONTOLÓGICO LTDA
422045;3,48244E+13;CTESK ADMINISTRADORA DE BENEFIÍCIOS LTDA
424242;5,62989E+13;CUIDE SAÚDE ADMINISTRADORA DE BENEFÍCIOS LTDA.
416118;2,53137E+11;DANA INDUSTRIAS LTDA.
421081;2,78321E+13;DELFHI PLANOS ODONTOLÓGICOS LTDA
420239;2,46199E+13;DENTAL CARE ASSISTÊNCIA ODONTOLÓGICA LTDA
386219;6,64935E+13;DENTAL CARE CLINICA ODONTOLOGICA LTDA
339458;3,54367E+13;DENTAL CENTER LTDA
300730;1,40229E+12;DENTAL GOLD ASSISTÊNCIA ODONTOLÓGICA LTDA.
424676;5,87397E+13;DENTAL KLIN ASSISTENCIA ODONTOLOGICA LTDA
413747;4,21217E+12;DENTAL MASTER LTDA - EPP
314366;5,71628E+11;DENTAL PLUS CONVÊNIO ODONTOLÓGICO LTDA.
424447;2,07352E+13;DENTAL SAUDE SUPREME PLANOS ODONTOLOGICOS LTDA
304484;7,87381E+13;DENTAL UNI - COOPERATIVA ODONTOLÓGICA
423050;4,31929E+13;DENTAL WHITE PLANO DE ASSISTÊNCIA ODONTOLÓGICA LTDA
333620;73193000100;DENTAL-MED ASSISTENCIA ODONTOLOGICA S/S LTDA
401463;1,36493E+12;DENTALMASTER COMÉRCIO DE PLANOS ODONTOLÓGICOS LTDA
422975;3,95279E+13;DENTALMASTER LTDA
322890;2,15615E+12;DENTALPAR ASSISTÊNCIA ODONTOLÓGICA EMPRESARIAL LTDA.
416908;5,61667E+12;DENTALPLAN PLANOS DE ASSISTENCIA ODONTOLOGICA LTDA
327867;1,0603E+12;DENTIÇÃO CONVÊNIOS ODONTOLÓGICOS LTDA
414425;3,11341E+12;DENTSY ODONTOLOGIA S/S LTDA.
357669;1,99695E+13;DESBAN - FUNDAÇÃO BDMG DE SEGURIDADE SOCIAL
423271;4,57686E+13;DIXMED ADMINISTRADORA DE BENEFICIOS LTDA 
349682;1,38763E+12;DOCTOR CLIN OPERADORA DE PLANOS DE SAÚDE LTDA.
365645;3,05055E+13;DONA SAÚDE CLINICAS LTDA 
423653;4,70584E+13;DR DIA PLANOS ODONTOLOGICOS E SAUDE LTDA
416282;7,8935E+12;E.X.M BRASIL SAÚDE LTDA
418927;1,73121E+13;EASY SAUDE ADMINISTRADORA DE BENEFICIOS LTDA
421120;2,72521E+13;EASYPLAN ADMINISTRADORA DE BENEFICIOS LTDA.
342611;4,93208E+13;ECONOMUS INSTITUTO DE SEGURIDADE SOCIAL
417343;3,92454E+13;ECS ADMINISTRADORA DE BENEFICIOS LTDA
423521;4,85785E+13;EGRÉGORA  ADMINISTRADORA DE BENEFICIOS S/A
422070;3,48443E+13;ELETROS SAÚDE - ASSOCIAÇÃO DE ASSISTÊNCIA À SAÚDE
424544;5,84346E+13;ELITE SAUDE SERVICOS MEDICOS LTDA.
417297;1,15938E+13;ELOSAÚDE - ASSOCIAÇÃO DE ASSISTÊNCIA À SAÚDE
400891;3,52294E+11;EMPRESA BRASILEIRA DE INFRA-ESTRUTURA AEROPORTUÁRIA
395480;3,71354E+13;ESMALE ASSISTENCIA INTERNACIONAL DE SAUDE LTDA.
424625;6,09676E+13;ESPERANÇA OPERADORA DE PLANOS DE SAÚDE LTDA
422576;3,74424E+13;ESPLENDOR ADMINISTRADORA DE BENEFÍCIOS LTDA.
417441;1,85611E+12;EV ADMINISTRADORA DE BENEFÍCIOS LTDA
401480;2,98963E+12;EVANGELICO SAUDE LTDA.
423700;4,97541E+13;EVO SAUDE ASSISTENCIA MEDICA LTDA
423785;5,11075E+13;EVOLUÇÃO ADMINISTRADORA DE BENEFICIOS LTDA 
421642;3,17633E+13;EXCELÊNCIA PLANO DE SAÚDE S/A
424471;5,83637E+13;EXCLUSIVO ODONTO ASSISTENCIA ODONTOLOGICA LTDA
414204;1,74799E+12;EXTRAMED ADMINISTRAÇÃO E SERVIÇOS MÉDICOS LTDA
423777;1,16419E+13;FEBRAFITE SAUDE
423581;4,93909E+13;FEDERAL ADMINISTRADORA DE BENEFICIOS LTDA
415626;7,27063E+12;FEDERAÇÃO DAS COOP ODONTOLÓGICAS DO ESTADO DE SANTA CATARINA
313971;8,41125E+13;FEDERAÇÃO DAS SOCIEDADES COOPERATIVAS DE TRABALHO MÉDICO DO ACRE, AMAPÁ, AMAZONAS, PARÁ, RONDONIA E RORAIMA
410888;3,63778E+12;FILOSANITAS SAUDE LTDA
421847;3,31056E+13;FOCO ADMINISTRADORA DE BENEFICIOS LTDA
423921;5,21749E+13;FOX SAÚDE ASSISTÊNCIA MÉDICA INTEGRADA LTDA
419818;9,0305E+12;FR PLANO ODONTOLÓGICO LTDA
370592;2,6183E+12;FUNASA SAÚDE
329665;5,80481E+11;FUNDACAO CAPITAL PREVIDENCIA E SAUDE - CAPITAL PREV
410292;6,04994E+13;FUNDACAO LEONOR DE BARROS CAMARGO
307751;1,25853E+13;FUNDAÇAO COMPESA DE PREVIDENCIA E ASSISTENCIA - COMPESAPREV
315567;6,60903E+11;FUNDAÇÃO AFFEMG DE ASSISTÊNCIA E SAÚDE - FUNDAFFEMG
346926;6,28107E+11;FUNDAÇÃO ASSISTENCIAL DOS SERVIDORES DO MINISTÉRIO DA FAZENDA
315044;8,2957E+13;FUNDAÇÃO CELESC DE SEGURIDADE SOCIAL - CELOS
315478;6,24651E+13;FUNDAÇÃO CESP
317233;4,21602E+13;FUNDAÇÃO CHESF DE ASSISTÊNCIA E SEGURIDADE SOCIAL
355151;7,50549E+13;FUNDAÇÃO COPEL DE PREVIDÊNCIA E ASSISTÊNCIA SOCIAL
339636;3,97695E+11;FUNDAÇÃO DE ASSISTÊNCIA E PREVIDÊNCIA SOCIAL DO BNDES
420701;2,5064E+13;FUNDAÇÃO DE ASSISTÊNCIA À SAÚDE DA ASSOCIAÇÃO DO MINISTÉRIO PÚBLICO DO RIO GRANDE DO SUL
311359;3,04148E+11;FUNDAÇÃO DE SAÚDE ITAIGUAPY
330809;3,17876E+13;FUNDAÇÃO DE SEGURIDADE SOCIAL DA ARCELORMITTAL BRASIL - FUNSSEST
418285;1,28388E+13;FUNDAÇÃO FIAT SAÚDE E BEM ESTAR
323942;2,6151E+13;FUNDAÇÃO FILANTRÓPICA E BENEFICENTE DE SAÚDE ARNALDO GAVAZZA FILHO
378216;2,01195E+13;FUNDAÇÃO LIBERTAS DE SEGURIDADE SOCIAL
418501;1,44086E+13;FUNDAÇÃO PLAMHUV - PLANO MÉDICO HOSPITALAR DOS HOSPITAIS UNIDOS DE VIÇOSA
338648;7,73759E+13;FUNDAÇÃO SANEPAR DE ASSISTÊNCIA SOCIAL
312126;7,38094E+13;FUNDAÇÃO SAÚDE ITAÚ
339954;1,98784E+13;FUNDAÇÃO SÃO FRANCISCO XAVIER
418129;1,30261E+13;FUNDO DE ASSISTÊNCIA MÉDICO-HOSPITALAR DO MINISTÉRIO PÚBLICO
414689;4,83909E+12;FUNDO DE ASSISTÊNCIA À SAÚDE DOS FUNCIONÁRIOS DO BEC
409286;6,86877E+13;G & M ASSESSORIA MEDICA EMPRESARIAL LTDA
419443;1,6693E+13;G2C ADMINISTRADORA DE BENEFICIOS LTDA - ME
407011;2,00992E+12;GAMA SAUDE LTDA.
343064;4,55726E+13;GARANTIA DE SAÚDE LTDA
419931;1,05478E+13;GEAC - GERENCIAMENTO EMPRESARIAL LTDA
323080;3,65843E+12;GEAP AUTOGESTÃO EM SAÚDE
424226;3,97345E+13;GESTAO VIDA ADMINISTRADORA DE BENEFICIOS LTDA.
423076;4,36073E+13;GESTÃO ADMINISTRADORA DE PLANOS DE SAUDE LTDA
416819;5,85123E+13;GKN DO BRASIL LTDA
422258;3,10692E+13;GLOBAL-AL ADMINISTRADORA DE BENEFÍCIOS LTDA
422681;4,01873E+13;GOCARE PLANOS DE SAUDE LTDA
423726;5,03542E+13;GOLD PLAN EMPREENDIMENTOS LTDA
424587;6,04205E+13;GRINGO PLANOS ODONTOLOGICOS LTDA
309222;3,19255E+13;GRUPO HOSPITALAR DO RIO DE JANEIRO LTDA
413160;4,16572E+12;GS PLANO GLOBAL DE SAÚDE LTDA
350249;2,66851E+12;H.B. SAÚDE S/A.
423122;2,09732E+13;H2U ADMINISTRADORA DE BENEFICIOS LTDA.
368253;6,35541E+13;HAPVIDA ASSISTENCIA MEDICA S.A.
414352;5,01132E+12;HBC SAÚDE LTDA.
417611;1,08464E+13;HEALTH ADMINISTRADORA DE BENEFICIOS LTDA
421723;2,70473E+13;HEALTH-MED SISTEMA DE SAUDE LTDA
424749;6,19047E+13;HEALTHY LIFE ADMINISTRADORA DE BENEFICIOS LTDA
419303;1,89189E+13;HEBROM ADMINISTRADORA DE BENEFICIOS LTDA. - ME
423670;4,99608E+13;HES PLANO DE SAUDE LTDA
424137;5,45791E+13;HOME ADMINISTRADORA DE BENEFÍCIOS LTDA
416398;8,85918E+11;HOSPITAIS E CLÍNICAS DO PIAUÍ S/S LTDA
314706;2,22631E+13;HOSPITAL CESAR LEITE
420930;7,78935E+13;HOSPITAL DE CARIDADE SÃO VICENTE DE PAULO
424391;9,20305E+13;HOSPITAL DE CLÍNICAS DE PASSO FUNDO
341941;9,06198E+13;HOSPITAL DE PRONTOCLINICA LTDA.
421626;1,66765E+13;HOSPITAL MATER DEI SA 
424129;3,28451E+12;HOSPITAL MATERNIDADE SÃO VICENTE DE PAULO
363189;3,04449E+12;HOSPITAL S.P. LTDA.
342955;2,97804E+13;HSMED SAUDE LTDA
423343;4,63166E+13;HUB HEALTH ADMINISTRADORA DE BENEFICIOS LTDA 
348180;9,56422E+13;HUMANA SAÚDE LTDA.
357511;3,61325E+11;HUMANA SAÚDE NORDESTE LTDA. 
417050;9,29804E+12;IBBCA 2008 GESTÃO EM SAÚDE LTDA
423840;5,1381E+13;IDEAL ADMINISTRADORA DE BENEFICIOS LTDA
414921;1,17675E+12;IDEAL ODONTO ASSISTÊNCIA ODONTOLÓGICA LTDA.
420751;2,60322E+13;IDEAL SAÚDE ASSISTÊNCIA MÉDICA AMBULATORIAL LTDA
414557;1,64829E+13;IDENTAL ASSISTÊNCIA ODONTOLÓGICA LTDA - ME
421812;3,00955E+13;IMPETU ADMINISTRADORA DE BENEFICIOS LTDA
418277;1,34124E+13;INDEPENDENCIA ADMINISTRADORA DE BENEFICIOS LTDA
329282;3,22818E+11;INDUSTRIAS NUCLEARES DO BRASIL S/A - INB
423564;4,27859E+13;INFINITY SAÚDE SUPLEMENTAR LTDA
423572;4,89823E+13;INNOVA PLANO DE SAUDE LTDA
420301;2,52918E+13;INOVA ADMINISTRADORA DE BENEFÍCIOS LTDA ME
419427;9,28277E+13;INSTITUIÇÃO BENEFICENTE CEL MASSOT - IBCM
419010;3,5189E+12;INSTITUTO CURITIBA DE SAÚDE
414981;7,52137E+12;INSTITUTO DE ODONTOLOGIA DO MARANHÃO LTDA.
415260;5,59705E+12;INSTITUTO DE SAÚDE ODONTOLÓGICA - ISODONT LTDA
424439;5,84189E+13;INTEGRA ADMINISTRADORA DE BENEFICIOS LTDA
423173;4,44778E+13;INTEGRA ASSISTENCIA MEDICA SA
418340;1,3523E+13;INTEGRAL CONVÊNIO ODONTOLÓGICO LTDA.
359394;6,02552E+13;INTEGRAL SERVIÇOS ODONTOLÓGICOS LTDA.
423939;5,36544E+13;INTEGRALCARE PLANOS DE SAUDE LTDA
417998;1,19806E+13;INTERBRASIL ADMINISTRADORA DE BENEFICIOS  DE SAUDE LTDA
420841;2,26947E+13;INTERCLINICAS PLANO VIDA USA OPERADORA DE SAUDE LTDA
312282;6,24767E+13;INTERMEDICI PIRACICABA ASSISTENCIA MEDICA LTDA
421375;2,99589E+13;INTERVIDA ADMINISTRADORA DE BENEFÍCIOS LTDA
423424;3,52886E+13;IPRESB - INSTITUTO DE PREVENÇÃO EM SAÚDE BUCAL LTDA
319422;5,14737E+13;IRMANDADE DA SANTA CASA DE MISERICORDIA DE LIMEIRA
333875;2,32789E+13;IRMANDADE DA SANTA CASA DE MISERICÓRDIA DE PASSOS
354562;5,43706E+13;IRMANDADE DA SANTA CASA DE MISERICÓRDIA DE PIRACICABA
347655;5,63842E+13;IRMANDADE DA SANTA CASA DE MISERICÓRDIA DE RIO CLARO
321320;7,21272E+13;IRMANDADE DA SANTA CASA DE MISERICÓRDIA E MATERNIDADE DONA ZILDA SALVAGNI
329355;5,51899E+13;IRMANDADE DE MISERICORDIA DE PORTO FERREIRA
333808;5,28521E+13;IRMANDADE DE MISERICÓRDIA DO HOSPITAL DA SANTA CASA DE MONTE ALTO
336831;7,91158E+13;IRMANDADE SANTA CASA DE MISERICÓRDIA DE MARINGÁ
366234;3,95988E+11;ITAIPU BINACIONAL
884;4,46308E+12;ITAUSEG SAÚDE S.A.
423211;4,43019E+13;J&L ADMINISTRADORA DE BENEFICIOS E SOL EM SAUDE LTDA
422029;3,4539E+13;KLINI PLANOS DE SAÚDE LTDA
424323;5,73522E+13;LAGO SAUDE ADMINISTRADORA DE BENEFICIOS LTDA
419095;1,78274E+13;LANCERS ADMINISTRADORA DE BENEFÍCIOS DE SAÚDE LTDA.
424358;4,27286E+13;LD RODRIGUES LTDA
364592;2,12778E+12;LEADER ASSISTÊNCIA MÉDICA E HOSPITALAR LTDA.
422339;3,65032E+13;LEVE SAUDE OPERADORA DE PLANOS DE SAUDE S.A
418706;1,56489E+13;LEXUS ADMINISTRADORA DE BENEFICIOS LTDA
418595;1,44681E+13;LIFE CLASS ADMINISTRADORA DE BENEFICIOS LTDA.
414492;4,55803E+12;LIFE EMPRESARIAL SAÚDE LTDA.
424731;6,09323E+13;LIFE PLANS ADMINISTRADORA DE BENEFICIOS LTDA 
423688;5,11032E+13;LIFEMED ADMINISTRADORA DE BENEFICIOS LTDA
418536;1,40956E+13;LIKE DENTAL PLANOS ODONTOLÓGICOS SS LTDA
379280;8,46662E+11;LIV LINHAS INTELIGENTES DE ATENÇÃO À VIDA S/A
421685;3,09275E+13;LIVEN PRESTADORA DE SERVIÇOS LTDA
422479;3,91494E+13;LIVRI OPERADORA DE PLANO DE SAÚDE LTDA
418374;1,18281E+13;LUMINAR SAÚDE - ASSOCIAÇÃO DE ASSISTÊNCIA À SAÚDE
412490;5,05467E+12;LÍDER COMÉRCIO E INDÚSTRIA LTDA.
416835;7,87346E+12;MACIEL & MACIEL ASSISTÊNCIA ODONTOLÓGICA LTDA
349291;1,5416E+12;MAIS DENTAL PLANOS ODONTOLOGICOS LTDA
419516;1,96917E+13;MAIS SAUDE S/A
415065;3,95266E+11;MAIS SAÚDE PLANO DE SAÚDE LTDA
418048;1,27068E+13;MAIS VOCE ADMINISTRADORA DE BENEFICIOS LTDA
417564;1,10553E+13;MAPMA ADMINISTRADORA DE BENEFÍCIOS LTDA.
420964;2,67011E+13;MASTER HEALTH ADMINISTRADORA DE BENEFÍCIOS LTDA
329967;8,44669E+11;MATTOS ODONTOLOGIA LTDA
416495;5,04329E+13;MATÃO CLINICAS & AMHMA SAÚDE LTDA
424196;5,73035E+13;MAXIMED PLANOS DE SAUDE LTDA
417696;1,12353E+13;MAXMED ADMINISTRADORA DE BENEFICIOS LTDA
424064;3,54902E+13;MB PLANOS DE SAÚDE LTDA
423611;4,88259E+13;MED CARE ADMINISTRADORA DE BENEFICIOS LTDA
419559;2,06138E+13;MED CORP SAÚDE CORPORATIVA LTDA - EPP
328537;4,53863E+11;MED-TOUR ADMINISTRADORA DE BENEFÍCIOS E EMPREENDIMENTOS LTDA.
422797;4,10585E+13;MEDCORP ADMINISTRADORA DE BENEFICIOS LTDA
419753;1,45768E+13;MEDGOLD ASSISTENCIA MEDICA LTDA - ME
421367;2,83108E+13;MEDHEALTH PLANOS DE SAÚDE LTDA
420859;2,61148E+13;MEDIATORIE ADMINISTRADORA DE BENEFÍCIOS S/A
411868;3,54827E+12;MEDIC GLOBAL PLANOS DE SAÚDE LTDA.
424331;5,36544E+13;MEDICAL LIFE PLANOS DE SAÚDE LTDA
333689;5,77465E+13;MEDISERVICE OPERADORA DE PLANOS DE SAÚDE S.A.
424099;5,45424E+13;MEDSAUDE ADMINISTRADORA DE PLANOS DE SAUDE LTDA
421391;2,96541E+13;MEGA ADMINISTRADORA DE BENEFÍCIOS LTDA
424307;5,57072E+13;MERIDIAN ADMINISTRADORA DE BENEFÍCIOS LTDA
406481;3,27383E+12;METLIFE PLANOS ODONTOLÓGICOS LTDA.
380661;4,48574E+13;METRUS INSTITUTO DE SEGURIDADE SOCIAL
424757;6,24932E+13;METTA ADMINISTRADORA DE BENEFICIOS LTDA
412015;3,6703E+12;MH VIDA - OPERADORA DE PLANOS DE SAÚDE LTDA
416703;4,25093E+13;MINERAÇÃO CARAÍBA S/A
422061;3,50565E+13;MMS ADMINISTRADORA DE BENEFICIOS LTDA
421677;2,89913E+13;MOUNT HERMON ADMINISTRADORA DE BENEFÍCIOS LTDA
420140;2,38211E+13;MUITO MAIS SAÚDE ADMINISTRADORA DE BENEFÍCIOS
351351;1,30608E+12;MULTI - BUCAL ODONTOLOGIA LTDA - LTDA
418650;3,04601E+13;MÚTUA DOS MAGISTRADOS DO ESTADO DO RIO DE JANEIRO
304441;1,86779E+12;NACIONAL ODONTO OPERADORA DE PLANOS ODONTOLÓGICOS LTDA.
421286;2,19775E+13;NACIONAL SAUDE ADMINISTRADORA DE BENEFICIOS LTDA
415057;2,94942E+12;NEWKLIN ODONTOCLÍNICA LTDA. ME.
421146;2,83116E+13;NEXO - ADMINISTRADORA DE BENEFICIOS LTDA
305928;2,85817E+12;NOSAMED ASSISTÊNCIA MÉDICA LTDA.
372609;2,86245E+12;NOSSA SAÚDE - OPERADORA PLANOS PRIVADOS DE ASSISTÊNCIA  À SAÚDE LTDA.
348520;6,25503E+13;NOTRE DAME INTERMÉDICA MINAS GERAIS SAÚDE S.A.
359017;4,46498E+13;NOTRE DAME INTERMÉDICA SAÚDE S.A.
423661;5,08761E+13;NOVA SAÚDE OPERADORA INTEGRADA DE SAÚDE LTDA
424561;5,95454E+13;NOVAMED PLANOS DE SAUDE LTDA
417840;2,91994E+12;NOVODENTE S/A
352888;4,25159E+13;NUCLEBRÁS EQUIPAMENTOS PESADOS S/A - NUCLEP
422754;4,02469E+13;ODILE SERVIÇOS DE SAÚDE LTDA.
422088;3,49072E+13;ODONT-OPERADORA ODONTOLOGICA LTDA
421464;8,96111E+12;ODONTO ALEGRE CLINICAS E PLANOS ODONTOLOGICOS LTDA
310981;4,02239E+13;ODONTO EMPRESAS CONVENIOS DENTARIOS LTDA.
312321;5,15717E+11;ODONTO JARAGUÁ LTDA
406414;1,46803E+12;ODONTO LIFE ASSISTÊNCIA ODONTOLÓGICA S/A.
422851;3,6765E+13;ODONTO MAIS BRASIL OPERADORA DE PLANOS ODONTOLOGICO LTDA
422622;3,61944E+13;ODONTO MAIS SAUDE EMPREENDIMENTOS LTDA.
405671;9,23958E+13;ODONTO PLUS CONVENIO ODONTOLOGICO SOCIEDADE SIMPLES LTDA
418994;1,70489E+13;ODONTO PRIME S/S LTDA
419281;1,48919E+13;ODONTO SEG OPERADORA DE PLANOS ODONTOLOGICOS S.A.
414387;3,18791E+12;ODONTOART PLANOS ODONTOLÓGICOS LTDA
344486;1,20898E+12;ODONTOBASE PLANOS DE SAUDE LTDA.
423491;4,73133E+13;ODONTOBRAS PLANOS ODONTOLOGICOS LTDA
418111;9,45235E+13;ODONTOCLINICA RCC LTDA. S/S
422924;4,06502E+13;ODONTOCOOP - OPERADORA DE PLANOS DE SAÚDE LTDA
389854;2,75146E+12;ODONTOGROUP SISTEMA DE SAÚDE LTDA.
417831;1,03641E+13;ODONTOLIVE OPERADORA DE PLANOS ODONTOLÓGICOS LTDA.
419184;1,54419E+13;ODONTOMAIS SERVIÇOS ODONTOLÓGICOS LTDA - ME
419583;1,7211E+13;ODONTOMAXI OPERADORA DE PLANOS ODONTOLÓGICOS LTDA
301949;5,81192E+13;ODONTOPREV S/A
412040;3,61946E+11;ODONTOREAL LTDA.
416738;8,70898E+12;OESTE SAÚDE ASSISTÊNCIA A SAÚDE SUPLEMENTAR S.A
422185;3,64147E+13;OLIVA ADMINISTRADORA DE BENEFICIOS LTDA
424030;5,29179E+13;OMEGA ODONTO OPERADORA DE PLANOS ODONTOLOGICOS LTDA.
359661;4,46734E+13;OMINT SERVIÇOS DE SAÚDE S.A.
304212;9,22406E+13;ON MED ASSISTÊNCIA MÉDICA LTDA
422673;3,73039E+13;OPERADORA DE PLANOS ODONTOLOGICOS ULTRAODONTO LTDA
420743;2,51866E+13;OPERADORA DE PLANOS ODONTOLÓGICOS ODONTOCLÍNICA LTDA
419699;2,09184E+13;OPERADORA DE PLANOS PRIVADOS DE SAÚDE - SANTA CASA SAÚDE LTDA
318477;2,88847E+12;OPERADORA UNICENTRAL DE PLANOS DE SAÚDE LTDA.
354511;2,77474E+12;OPERADORA UNIESTE DE PLANOS DE SAÚDE LTDA
418226;1,38163E+13;OPLAN SAÚDE OPERADORA DE PLANO DE SAÚDE LTDA
418200;8,33356E+13;ORAL BLUE LTDA
418447;4,9421E+12;ORAL GAM ASSISTENCIA ODONTOLÓGICA LTDA
366510;1,97237E+12;ORAL SAÚDE DE IBITINGA SERVIÇOS ODONTOLÓGICOS S/S LTDA
412996;3,99091E+12;ORALE ASSISTÊNCIA ODONTOLÓGICA LTDA
420972;2,6766E+13;ORALPLAN PLANOS DE SAUDE ODONTOLÓGICOS LTDA
404772;1,62833E+12;ORION ODONTOLOGIA LTDA
416371;7,4798E+12;ORION PLANOS E SERVIÇOS ODONTOLÓGICOS LTDA
419991;1,84962E+13;OROS OPERADORA DE PLANOS ODONTOLÓGICOS LTDA ME
423483;4,38739E+13;P4H GESTAO DE BENEFICIOS LTDA
315265;8,23531E+13;PARANA ASSISTENCIA MEDICA LTDA
415782;7,07556E+12;PARRA ODONTOLOGIA LTDA
331988;3,94198E+13;PASA - PLANO DE ASSISTENCIA A SAUDE DO APOSENTADO DA VALE
420778;1,49388E+13;PASSPORT SYSTEM ODONTOLOGIA LTDA
422584;3,82725E+13;PB ASSISTENCIA MEDICA EU LTDA
422355;3,61866E+13;PD BRASIL ASSISTENCIA ODONTOLOGICA LTDA
421774;3,04952E+13;PENTÁGONO ADMINISTRADORA DE BENEFÍCIOS S/A
421707;3,10979E+13;PERSONAL CARE OPERADORA DE SAÚDE SA
310239;1,71468E+13;PESSOAL SAÚDE PLANOS DE ASSISTÊNCIA MÉDICA LTDA
419486;1,7898E+13;PLADISA PLANOS DE SAÚDE SA
343463;1,55945E+13;PLAMED PLANO DE ASSISTENCIA MEDICA LTDA
413551;4,29999E+12;PLAMEDH - PLANO DE ASSISTÊNCIA MÉDICO-HOSPITALAR LTDA
423882;5,20413E+13;PLAMEDH PLANOS DE SAÚDE LTDA
324299;6,86827E+13;PLAMER PLANO MEDICO RESENDE LTDA
419974;1,9512E+13;PLAMESC PLANOS DE SAÚDE LTDA
424200;5,61972E+13;PLANO A ADMINISTRADORA DE PLANOS DE SAUDE LTDA
363391;2,51394E+12;PLANO ASSISTENCIAL SÃO LUCAS LTDA
382281;2,20273E+13;PLANO DE ASSISTÊNCIA MÉDICA MINEIRA LTDA
417106;1,07672E+13;PLANO DE ASSISTÊNCIA ODONTOLÓGICA FAUCHARD LTDA. ME
411582;3,63822E+12;PLANO DE SAUDE ASES LTDA.
360244;2,86436E+12;PLANO DE SAÚDE ANA COSTA LTDA.
420166;2,46459E+13;PLANO DE SAÚDE DA SANTA CASA DE BRAGANÇA PAULISTA
411256;3,01107E+12;PLANO HOSPITAL SAMARITANO LTDA
415936;5,98317E+12;PLANO ODONTOLÓGICO DENTALVIDAS LTDA.
423408;2,91173E+13;PLANO SIGMA SAÚDE LTDA
415987;4,43063E+12;PLANO VIDA SAUDE SERVIÇOS ODONTOLOGICOS LTDA
416517;2,7043E+12;PLANODENTE LTDA.
418986;1,17929E+13;PLATINUM ADMINISTRADORA DE BENEFICIOS
420956;2,76577E+13;PLENA ADMINISTRADORA DE BENEFÍCIOS LTDA - ME
348830;3,38763E+11;PLENA SAÚDE S.A.
403458;1,46089E+12;PLENODONTO ASSISTÊNCIA ODONTOLÓGICA LTDA.
423441;4,74321E+13;PLENUM ASSISTENCIA MEDICA  LTDA
418552;9,75538E+13;PLURAL GESTÃO EM PLANOS DE SAÚDE LTDA
417751;1,12759E+13;PLURICLUB ADMINISTRADORA DE BENEFÍCIOS LTDA.
351270;2,89692E+12;POLI SAUDE OPERADORA DE PLANO DE SAUDE LTDA
415693;4,20201E+12;POLICLIN SAÚDE S/A.
316903;9,35079E+13;POLIMÉDICA SAÚDE SOCIEDADE SIMPLES LTDA
415081;6,14543E+12;PORTO DIAS SAUDE LTDA.
582;4,54001E+12;PORTO SEGURO - SEGURO SAÚDE S/A
418625;1,39917E+13;PORTO SEGURO SERVIÇOS ODONTOLÓGICOS LTDA.
417491;1,1566E+13;PORTOMED - PORTO SEGURO SERVIÇOS DE SAUDE LTDA
420280;2,50061E+13;POSITIVA ADMINISTRADORA DE BENEFICIOS LTDA
419133;1,82751E+13;POSTAL SAÚDE CAIXA DE ASSISTÊNCIA E SAÚDE DOS EMPREGADOS DOS CORREIOS
421413;2,81874E+13;PP HEALTH ADMINISTRADORA DE BENEFÍCIOS LTDA-ME
422959;4,19293E+13;PRESERVE SAUDE ASSISTENCIA MEDICA LTDA
384844;2,07228E+12;PREST ODONTO LTDA
413267;4,23406E+12;PREVENT SENIOR CORPORATE OPERADORA DE SAÚDE LTDA.
302147;4,61479E+11;PREVENT SENIOR PRIVATE OPERADORA DE SAÚDE LTDA
421804;2,9628E+13;PREVER ADMINISTRADORA DE BENEFÍCIOS LTDA
374440;5,62699E+13;PREVIDENT ASSISTÊNCIA ODONTOLÓGICA S.A
403636;3,07324E+12;PREVINA ODONTOLOGIA LTDA
418307;1,39513E+13;PREVISÃO ADMINISTRADORA DE BENEFÍCIOS LTDA.
416525;8,78778E+12;PRIMA VIDA ODONTOLOGIA DE GRUPO LIMITADA
424617;5,92741E+13;PRIME PLANOS DE SAUDE LTDA
424161;4,91687E+13;PRO-SAUDE JARINU ASSISTENCIA MEDICA SUPLEMENTAR LTDA.
310522;2,75292E+12;PROASA SAÚDE
424251;5,62111E+13;PROLIFE ADMINISTRADORA  DE SAUDE LTDA
326861;1,52149E+13;PROMÉDICA - PROTEÇÃO MEDICA A EMPRESAS S.A.
417475;5,16284E+13;PRONTO SOCORRO CONDE DE MOREIRA LIMA
305626;2,26663E+13;PRONTOCLINICA E HOSPITAIS SAO LUCAS S/A
301728;2,01686E+13;PRONTOMED PLANOS DE SAÚDE LTDA
421383;2,98464E+13;PROPULSÃO PLANOS ODONTOLÓGICOS LTDA
422533;3,53653E+13;PROVER ODONTOLOGIA LTDA
423998;5,40252E+13;PROVIDENCE ADMINISTRADORA DE BENEFICIOS LTDA
422193;3,51486E+13;PRUDENTE ADMINISTRADORA DE BENEFICIOS LTDA
424641;6,01806E+13;PRÓ-SAÚDE ADMINISTRADORA  DE BENEFICIOS LTDA
422703;3,25432E+13;PS ASSISTENCIA LTDA
420999;2,73235E+13;QUALI ADMINISTRADORA DE BENEFÍCIOS S/A
417173;7,6581E+12;QUALICORP ADMINISTRADORA DE BENEFÍCIOS S.A.
419290;1,76984E+13;QUALICORP CLUBE DE SAÚDE ADMINISTRADORA DE BENEFÍCIOS LTDA.
417131;1,04567E+13;QUALIDONTO - QUALIDADE EM ODONTOLOGIA LTDA 
421243;2,84009E+13;QUALITY GOLD SAÚDE ADMINISTRADORA DE PLANOS DE SAÚDE LTDA-ME
418170;9,4338E+12;QUALLITY PRÓ SAÚDE PLANO DE ASSISTÊNCIA MÉDICA LTDA.
419389;1,96795E+13;QV BENEFÍCIOS EM SAÚDE LTDA
420271;2,52052E+13;R.M.I. OPERADORA DE SAÚDE INTEGRADA LTDA
418196;1,3786E+13;RAMED ADMINISTRADORA DE BENEFICIOS LTDA.
418862;6,87379E+13;RBS PARTICIPAÇÕES S/A
331317;3,42698E+13;REAL GRANDEZA - FUNDAÇÃO DE PREVIDÊNCIA E ASSISTÊNCIA SOCIAL
423513;4,21152E+13;REAL GRANDEZA SAÚDE
418692;1,37469E+13;RESOLVE ADMINISTRADORA DE BENEFÍCIOS LTDA
422878;3,98707E+13;RG SAÚDE ADMINISTRADORA DE BENEFICIOS LTDA
417149;3,52468E+12;RIBERDENTE SERVIÇOS ODONTOLÓGICOS S/S LTDA
421359;2,99108E+13;RIO DOCE SAÚDE
415243;7,15425E+12;RODRIGUES LEIRA ODONTOLOGIA LTDA.
415821;6,79894E+13;ROPE ODONTOLOGIA ESPECIALIZADA S/S LTDA.
324493;6,92594E+13;S.P.A SAUDE- SISTEMA DE PROMOÇÃO ASSISTENCIAL
420981;2,71131E+13;S1 OPERADORA DE PLANO DE SAÚDE LTDA
418439;1,44529E+13;SAFE LIFE ADMINISTRADORA DE BENEFÍCIOS LTDA
423815;5,12128E+13;SAGRADA SAÚDE ASSISTÊNCIA MÉDICA LTDA
419567;1,96638E+13;SALUPLAN ADMINISTRADORA DE BENEFÍCIOS LTDA
422746;4,00388E+13;SALUSMED OPERADORA DE PLANOS DE SAUDE LTDA
422860;4,1398E+13;SALUTY ADMINISTRADORA DE BENEFICIOS LTDA
424421;5,83246E+13;SALVE SAÚDE ADMINISTRADORA DE BENEFÍCIOS LTDA
415901;4,13699E+13;SAME-SERVIÇO DE ASSISTÊNCIA MÉDICA EMPRESARIAL LTDA.
335614;3,14669E+13;SAMEDIL SERVIÇOS DE ATENDIMENTO MÉDICO S/A
367095;8,45371E+13;SAMEL PLANO DE SAÚDE LTDA
422398;3,65677E+13;SAMI ASSISTÊNCIA MÉDICA LTDA
340162;4,24256E+13;SAMIG - SERV. DE ASSISTENCIA MEDICA DA ILHA DO GOVERNADOR LTDA
343676;3,37212E+13;SAMOC S.A. - SOCIEDADE ASSISTENCIAL MÉDICA E ODONTO CIRÚRGICA
342033;2,40328E+12;SAMP ESPIRITO SANTO ASSISTENCIA MEDICA SA
408522;2,47291E+13;SANTA CASA DA MISERICÓRDIA DE SÃO JOÃO DEL REI
421197;8,22595E+12;SANTA CASA DE MAUÁ SAÚDE
345091;5,98492E+13;SANTA CASA DE MISERICORDIA DE SAO JOAQUIM DA BARRA
353264;5,99015E+13;SANTA CASA DE MISERICORDIA HOSPITAL SÃO VICENTE
342807;2,15757E+13;SANTA CASA DE MISERICÓRDIA DE JUIZ DE FORA
306045;7,25476E+13;SANTA CASA DE MISERICÓRDIA DE TUPÃ
330116;7,29578E+13;SANTA CASA DE MISERICÓRDIA DE VOTUPORANGA
344915;4,4946E+13;SANTA CASA DE MISERICÓRDIA E ASILO DOS POBRES DE BATATAIS
422762;5,59905E+13;SANTA CASA DE MISERICÓRDIA E BENEFICÊNCIA PORTUGUESA
420085;2,30539E+13;SANTA CASA DE SAÚDE - SCS
424404;5,72197E+13;SANTA CRUZ SAÚDE - GESTÃO EM PLANOS DE SAÚDE LTDA
355097;4,32936E+13;SANTA HELENA ASSISTÊNCIA MÉDICA S/A.
400190;2,28284E+12;SANTO ANDRÉ PLANOS DE ASSISTENCIA MÉDICA LTDA.
405582;2,33307E+12;SANTOS VIP ASSISTÊNCIA ODONTOLÓGICA LTDA
421758;3,2207E+13;SANUS ADMINISTRADORA DE BENEFÍCIOS LTDA
424633;6,22712E+13;SAUDE FACIL PLANOS DE SAUDE LTDA
423106;4,00373E+13;SAUDE INTEGRAL ASSISTENCIA MEDICA LTDA
409243;3,42493E+12;SAUDE PAS - MEDICINA E ODONTO
424463;5,94525E+13;SAUDE SALV ASSISTENCIA MEDICA LTDA
424145;5,46988E+13;SAUDE VIVA ADMINISTRADORA DE BENEFICIOS LTDA
423645;4,94815E+13;SAUDIA ASSISTENCIA MÉDICA LTDA
421154;2,86334E+13;SAÚDE BRASIL ASSISTÊNCIA MÉDICA LTDA.
414310;4,85981E+12;SAÚDE BRB - CAIXA DE ASSISTÊNCIA 
423394;2,11644E+13;SAÚDE PLENA ADMINISTRADORA DE BENEFÍCIOS LTDA
414930;5,02906E+12;SAÚDE SANTA TEREZA LTDA.
412058;3,97759E+12;SBC SAÚDE LTDA.
421634;2,89538E+13;SD-M OPERADORA DE PLANOS DE SAUDE LTDA
358053;3,70354E+13;SELECT OPERADORA DE PLANO DE SAUDE LTDA
414654;4,22224E+12;SEMPRE ODONTO PLANOS ODONTOLOGICOS LTDA
407224;3,21936E+12;SEPACO SAÚDE LTDA
303739;6,49241E+13;SERMED-SAÚDE LTDA.
424188;5,05653E+13;SERV  SOCIAL AUTÔNOMO DE ASSIST À SAÚDE DOS SERV PÚBLICOS E MILITARES DE GOIÁS
414701;5,77498E+12;SERVDONTO - PLANO DE ASSISTÊNCIA ODONTOLÓGICA LTDA
417602;1,04959E+13;SERVIX ADMINISTRADORA DE BENEFÍCIOS LTDA
324710;2,42248E+12;SERVIÇO DE ASSISTÊNCIA ODONTOLÓGICA SOCIAL LTDA.
345474;3,36831E+13;SERVIÇO FEDERAL DE PROCESSAMENTO DE DADOS (SERPRO)
420077;6,09614E+13;SERVIÇO SOCIAL DA INDÚSTRIA DO PAPEL, PAPELÃO E CORTIÇA DO ESTADO DE SÃO PAULO - SEPACO
424595;6,0646E+13;SF SAÚDE ASSISTÊNCIA MÉDICA LTDA 
423874;5,01569E+13;SF SAÚDE ODONTOMAIS ASSISTÊNCIA ODONTOLÓGICA LTDA
422371;2,7534E+12;SF SISTEMAS DE SAÚDE LTDA
356476;7,98316E+13;SIM - CAIXA DE ASSISTÊNCIA À SAÚDE
361011;3,6577E+12;SINDIFISCO NACIONAL - SINDICATO NACIONAL DOS AUDITORES-FISCAIS DA RECEITA FEDERAL DO BRASIL
344095;1,94279E+12;SISDENTE - SISTEMA INTEGRADO DE SAÚDE DENTAL LTDA.
423556;4,51828E+13;SISO PLANO ODONTOLOGICO LTDA
418790;1,14854E+13;SISTEMA 1 SERVIÇOS DE ASSISTÊNCIA À SAÚDE SUPLEMENTAR
403865;2,6352E+12;SISTEMA INTEGRADO DE SAUDE ORAL LTDA-EPP
333239;1,67201E+12;SISTEMA PREVSAUDE DENTAL LTDA
402001;5,34546E+13;SISTEMA TOTAL DE SAÚDE LTDA.
352586;2,85202E+12;SISTEMAS E PLANOS DE SAÚDE LTDA.
402095;6,44977E+11;SITO - SISTEMA INTEGRADO DE TRATAMENTO ODONTOLÓGICO LTDA
420051;1,90319E+13;SMART CARE SISTEMAS MÉDICOS E ODONTOLÓGICOS LTDA.
423947;5,00688E+13;SMILES ODONTO LTDA.
326500;5,07391E+13;SOBAM CENTRO MÉDICO HOSPITALAR S.A.
415898;8,05682E+12;SOCIEDADE BENECAP DE ASSISTÊNCIA À SAÚDE
413721;1,66088E+13;SOCIEDADE BENEFICENTE DEZOITO DE JULHO
411809;3,62739E+12;SOCIEDADE DE ASSISTÊNCIA MÉDICA - SAMEISA
413941;4,06781E+12;SOCIEDADE DE ASSISTÊNCIA ODONTOLOGICA DE GRUPO/RN - DENTAL MED CENTER/RN
413372;9,22191E+13;SOCIEDADE PORTUGUESA DE BENEFICÊNCIA
416410;9,74038E+13;SOCIODONTO PLANO DE ASSISTÊNCIA ODONTOLÓGICA LTDA
423068;4,25249E+13;SOLIDUS ADMINISTRADORA DE BENEFICIOS E SOLUCOES EM SAUDE LTDA
415871;7,38628E+13;SOLIMEO ASSISTÊNCIA ODONTOLÓGICA LTDA.
422291;2,53084E+13;SOLUTIONS ADMINISTRADORA DE BENEFICIOS LTDA
424153;5,46566E+13;SOMA ADMINISTRADORA DE BENEFICIOS LTDA 
403245;8,94553E+13;SOPREVI SERVIÇO ODONTOLÓGICO PREVENTIVO INTEGRADO LTDA
419524;1,93041E+13;SORRIDEN CONVÊNIOS ODONTOLÓGICOS S.A.
421472;2,88621E+13;SORRISO STUDIO PLANO DE SAUDE LTDA
6246;1,68505E+12;SUL AMERICA COMPANHIA DE SEGURO SAÚDE
417815;1,19731E+13;SUL AMÉRICA ODONTOLÓGICO S/A
416428;2,8666E+12;SUL AMÉRICA PARANÁ CLÍNICAS SERVIÇOS DE SAÚDE S.A.
423718;4,97927E+13;SUL DO PARÁ LTDA
338346;9,07479E+13;SULMED - ASSISTÊNCIA MÉDICA LTDA
421405;3,04894E+13;SUPERMED ADMINISTRADORA DE BENEFÍCIOS LTDA.
424498;5,95452E+13;SUPORTE ADMINISTRADORA DE BENEFICIOS LTDA
412252;4,00222E+12;SV SAUDE ADMINSTRADORES DE PLANO DE SAUDE LTDA
319180;6,36975E+11;SÃO DOMINGOS SAÚDE- ASSISTÊNCIA MÉDICA  LTDA
403962;3,09823E+12;SÃO FRANCISCO ASSISTÊNCIA MÉDICA LTDA
344362;9,65097E+13;SÃO LUCAS SAÚDE S/A
421740;3,09517E+13;TECBEN ADMINISTRADORA DE BENEFICIOS LTDA.
316849;4,24653E+13;TELOS - FUNDAÇÃO EMBRATEL DE SEGURIDADE SOCIAL
422771;4,14325E+13;TEMPO MED PLANO DE SAUDE LTDA
412759;3,77315E+12;TERRAMAR ADMINISTRADORA DE PLANO DE SAUDE LTDA
416193;7,89801E+12;TOP DOCTOR'S ODONTOLOGIA LTDA
417114;1,03609E+13;TOPDONTO OPERADORA DE PLANO ODONTOLÓGICO LTDA
423548;4,30797E+13;TOTAL ASSISTÊNCIA MÉDICA HOSPITALAR LTDA
423017;4,22095E+13;TOTAL SAUDE  ADMINISTRADORA DE BENEFICIOS EIRELI
422827;3,70203E+13;TRINO - ALIANCA FILANTRÓPICA DE ASSISTÊNCIA E INTEGRAÇÃO PARA O DESENVOLVIMENTO DA SAUDE
418528;1,51561E+13;UNIBEN ADMINISTRADORA DE BENEFÍCIOS LTDA
424501;5,85542E+13;UNIC ASSISTENCIA MEDICA LTDA
420107;2,42774E+13;UNICONSULT - ADMINISTRADORA DE BENEFICIOS E SERVICOS LTDA
423041;4,275E+13;UNICOR ADMINISTRADORA DE BENEFICIOS LTDA
401072;2,88945E+12;UNIDENTAL- COOPERATIVA UNIÃO DOS DENTISTAS DO ESTADO DO CEARÁ
413429;4,22299E+12;UNIDENTIS ASSISTENCIA ODONTOLOGICA LTDA.
404942;7,17142E+11;UNIFICAÇÃO DOS DENTISTAS DE ITUVERAVA LTDA
385255;1,4452E+12;UNIHOSP SAÚDE LTDA
306398;8,73004E+13;UNIMED - COOPERATIVA DE SERVIÇOS DE SAÚDE DOS VALES DO TAQUARI E RIO PARDO LTDA.
354996;4,29461E+13;UNIMED ALFENAS COOPERATIVA DE TRABALHO MEDICO
324159;5,72149E+13;UNIMED ALTA MOGIANA COOPERATIVA DE TRABALHO MÉDICO
343684;8,87323E+13;UNIMED ALTO DA SERRA - SOCIEDADE COOPERATIVA DE SERVIÇO MÉDICO LTDA.
352519;7,22342E+13;UNIMED ALTO JACUÍ/RS - COOPERATIVA DE ASSISTÊNCIA À SAÚDE LTDA
341819;7,63923E+11;UNIMED ALTO PARANAIBA COOPERATIVA DE TRABALHO MEDICO
348261;4,28894E+13;UNIMED ALTO SÃO FRANCISCO COOPERATIVA DE TRABALHO MÉDICO
372561;3,81694E+11;UNIMED ALTO VALE - COOPERATIVA DE TRABALHO MÉDICO
345598;6,54223E+13;UNIMED AMPARO COOPERATIVA DE TRABALHO MÉDICO
348082;5,40124E+13;UNIMED ANHANGUERA COOPERATIVA DE TRABALHO MÉDICO
312347;2,66292E+13;UNIMED ANÁPOLIS COOPERATIVA DE TRABALHO MÉDICO.
358096;8,10645E+13;UNIMED APUCARANA COOPERATIVA DE TRABALHO MÉDICO
354325;2,09093E+13;UNIMED ARAGUARI COOPERATIVA DE TRABALHO MÉDICO 
335215;1,11826E+11;UNIMED ARARUAMA COOPERATIVA DE TRABALHO MÉDICO LTDA
331651;2,59104E+13;UNIMED ARAXÁ COOPERATIVA DE TRABALHO MÉDICO LTDA.
309087;2,58109E+13;UNIMED BARBACENA - COOPERATIVA DE TRABALHO MÉDICO LTDA
304468;3,74369E+13;UNIMED BARRA DO GARÇAS - COOPERATIVA DE TRABALHO MÉDICO
343889;1,65132E+13;UNIMED BELO HORIZONTE COOPERATIVA DE TRABALHO MÉDICO
303976;4,20137E+12;UNIMED BELÉM COOPERATIVA DE TRABALHO MÉDICO
334561;8,26248E+13;UNIMED BLUMENAU - COOPERATIVA DE TRABALHO MEDICO
323357;2,76267E+13;UNIMED CABO FRIO COOPERATIVA TRABALHO MÉDICO LTDA.
350346;1,14392E+12;UNIMED CACERES COOPERATIVA DE TRABALHO MÉDICO 
344141;2,31417E+12;UNIMED CAJAZEIRAS - SOCIEDADE COOPERATIVA DE TRABALHO MÉDICO
343765;3,42481E+11;UNIMED CALDAS NOVAS - COOPERATIVA DE TRABALHO MEDICO
367397;8,70747E+12;UNIMED CAMPINA GRANDE - COOPERATIVA DE TRABALHO MEDICO LTDA
335690;4,61246E+13;UNIMED CAMPINAS - COOPERATIVA DE TRABALHO MÉDICO
367613;4,29392E+13;UNIMED CAMPO BELO- COOPERATIVA DE TRABALHO MÉDICO
312851;3,31592E+12;UNIMED CAMPO GRANDE MS COOPERATIVA DE TRABALHO MÉDICO
347736;2,63686E+13;UNIMED CARATINGA - COOPERATIVA DE TRABALHO MÉDICO LTDA
340952;2,44492E+13;UNIMED CARUARU-COOPERATIVA DE TRABALHO MEDICO
315648;6,43271E+13;UNIMED CATAGUASES COOPERATIVA DE TRABALHO MÉDICO LTDA
346951;1,5699E+12;UNIMED CAÇADOR COOPERATIVA DE TRABALHO MÉDICO DA REGIÃO DO CONTESTADO
357138;1,60838E+12;UNIMED CENTRO OESTE PAULISTA - FEDERAÇÃO INTRAFEDERATIVA DAS COOPERATIVAS MÉDICAS
414573;3,23012E+12;UNIMED CENTRO PAULISTA - FEDERAÇÃO INTRAFEDERATIVA DAS COOPERATIVAS MÉDICAS
347507;6,97509E+11;UNIMED CENTRO RONDÔNIA COOPERATIVA DE TRABALHO MÉDICO
320897;3,92108E+13;UNIMED CENTRO SUL FLUMINENSE COOPERATIVA DE TRABALHO MÉDICO
354295;8,52833E+13;UNIMED CHAPECÓ - COOPERATIVA DE TRABALHO MÉDICO DA REGIÃO OESTE CATARINENSE
345709;2,18395E+13;UNIMED CONSELHEIRO LAFAIETE COOPERATIVA DE TRABALHO MÉDICO LTDA
324345;9,73885E+13;UNIMED COSTA DO DESCOBRIMENTO COOPERATIVA DE TRABALHO MÉDICO
371106;7,89314E+13;UNIMED COSTA OESTE - COOPERATIVA DE TRABALHO MÉDICO
311146;3,6541E+13;UNIMED COSTA VERDE RJ
342084;3,53373E+12;UNIMED CUIABA COOPERATIVA DE TRABALHO MÉDICO
304701;7,50558E+13;UNIMED CURITIBA - SOCIEDADE COOPERATIVA DE MÉDICOS
330108;2,61895E+13;UNIMED CURVELO COOPERATIVA DE TRABALHO MÉDICO LTDA.
311944;2,62338E+11;UNIMED DE ADAMANTINA-COOPERATIVA DE TRABALHO MÉDICO
303844;2,68785E+12;UNIMED DE ANDRADINA - COOPERATIVA DE TRABALHO MÉDICO
369411;5,10932E+13;UNIMED DE ARACATUBA - COOPERATIVA DE TRABALHO MÉDICO
364312;4,52724E+13;UNIMED DE ARARAQUARA - COOP. DE TRAB. MÉDICO
300713;5,49912E+13;UNIMED DE ASSIS COOPERATIVA DE TRABALHO MÉDICO
304123;5,0368E+13;UNIMED DE AVARÉ COOPERATIVA DE TRABALHO MÉDICO
330264;2,92902E+13;UNIMED DE BARRA MANSA SOC. COOP. SERV.MED.E HOSPIT.
347108;7,19255E+13;UNIMED DE BARRETOS COOPERATIVA DE TRABALHO MÉDICO
313149;5,26571E+13;UNIMED DE BATATAIS - COOPERATIVA DE TRABALHO MÉDICO
369659;4,4456E+13;UNIMED DE BAURU COOPERATIVA DE TRABALHO MÉDICO
331341;6,06334E+13;UNIMED DE BEBEDOURO COOPERATIVA DE TRABALHO MÉDICO
345776;6,57328E+13;UNIMED DE BIRIGUI - COOPERATIVA DE TRABALHO MÉDICO
304883;4,54259E+13;UNIMED DE BOTUCATU COOPERATIVA DE TRABALHO MÉDICO
348244;1,55427E+12;UNIMED DE BRUSQUE COOPERATIVA DE TRABALHO MÉDICO
352683;4,02942E+13;UNIMED DE CAMPOS COOPERATIVA DE TRABALHO MÉDICO
366340;5,94993E+13;UNIMED DE CAPIVARI -COOPERATIVA DE TRABALHO MÉDICO
370070;8,117E+13;UNIMED DE CASCAVEL COOPERATIVA DE TRABALHO MÉDICO
324566;1,19366E+12;UNIMED DE CATALÃO COOPERATIVA DE TRABALHO MÉDICO
351407;4,51184E+13;UNIMED DE CATANDUVA - COOPERATIVA DE TRABALHO MÉDICO
334154;4,87214E+13;UNIMED DE CAÇAPAVA - COOPERATIVA DE TRABALHO MEDICO
354627;8,17331E+13;UNIMED DE CIANORTE - COOPERATIVA DE TRABALHO MEDICO 
344788;2,01862E+12;UNIMED DE CORUMBA COOPERATIVA DE TRABALHO MÉDICO
329339;8,29967E+13;UNIMED DE CRICIÚMA COOPERATIVA DE TRABALHO MÉDICO DA REGIÃO CARBONÍFERA
333662;1,5396E+13;UNIMED DE DOURADOS COOPERATIVA DE TRABALHO MÉDICO LTDA
314781;6,82045E+13;UNIMED DE DRACENA - COOPERATIVA DE TRABALHO MÉDICO
317144;5,86828E+12;UNIMED DE FORTALEZA SOCIEDADE COOPERATIVA MÉDICA LTDA.
355577;4,52071E+13;UNIMED DE GUARATINGUETA-COOPERATIVA DE TRABALHO MÉDICO
333051;7,44661E+13;UNIMED DE GUARULHOS COOPERATIVA DE TRABALHO MÉDICO
365238;4,9487E+11;UNIMED DE IBITINGA COOPERATIVA DE TRABALHO MÉDICO
329886;7,2784E+13;UNIMED DE JABOTICABAL COOP. DE TRABALHO MÉDICO
334847;3,76528E+13;UNIMED DE JATAÍ COOPERATIVA DE TRABALHO MÉDICO LTDA.
321273;8,26023E+13;UNIMED DE JOINVILLE COOPERATIVA DE TRABALHO MÉDICO
325031;6,74175E+13;UNIMED DE LENÇOIS PAULISTA - COOPERATIVA DE TRABALHO MÉDICO
301574;5,0481E+13;UNIMED DE LIMEIRA COOPERATIVA DE TRABALHO MÉDICO
354279;7,16957E+13;UNIMED DE LINS - COOPERATIVA DE TRABALHOS MÉDICOS
343269;7,52222E+13;UNIMED DE LONDRINA COOPERATIVA DE TRABALHO MÉDICO
385620;4,87175E+13;UNIMED DE LORENA COOPERATIVA DE TRABALHO MÉDICO
302953;3,58309E+13;UNIMED DE MACAÉ COOPERATIVA DE ASSISTÊNCIA À SAÚDE
311961;4,61299E+12;UNIMED DE MANAUS COOP. DO TRABALHO MÉDICO LTDA
336106;6,68729E+13;UNIMED DE MARILIA COOPERATIVA DE TRABALHO MÉDICO
357715;3,78983E+13;UNIMED DE MINEIROS COOPERATIVA DE TRABALHO MÉDICO 
328308;5,52181E+11;UNIMED DE MOCOCA COOPERATIVA DE TRAB. MÉDICO
309524;6,75772E+13;UNIMED DE MONTE ALTO - COOPERATIVA DE TRABALHO MÉDICO
311294;5,14275E+13;UNIMED DE OURINHOS - COOPERATIVA DE TRABALHO MÉDICO
361615;7,50035E+13;UNIMED DE PARANAGUÁ COOPERATIVA DE TRABALHO MÉDICO
320862;8,10761E+13;UNIMED DE PARANAVAÍ COOPERATIVA DE TRABALHO MÉDICO
323004;12698000165;UNIMED DE PENAPOLIS - COOPERATIVA DE TRABALHO MEDICO
342343;4,75652E+13;UNIMED DE PINDAMONHANGABA - COOPERATIVA TRABALHO MEDICO
315729;4,48039E+13;UNIMED DE PIRACICABA SOCIEDADE COOPERATIVA DE SERVIÇOS MÉDICOS
314242;8,40048E+11;UNIMED DE PIRASSUNUNGA COOPERATIVA DE TRABALHO MÉDICO
315796;4,4864E+13;UNIMED DE PRESIDENTE PRUDENTE COOPERATIVA DE TRAB. MÉDICO
351776;4,54674E+13;UNIMED DE REGISTRO COOPERATIVA DE TRABALHO MÉDICO
351202;4,52322E+13;UNIMED DE RIBEIRAO PRETO - COOPERATIVA DE TRABALHO MÉDICO
306126;4,46636E+13;UNIMED DE RIO CLARO SP COOPERATIVA DE TRABALHO MEDICO
369292;4,86284E+13;UNIMED DE SANTA BÁRBARA D'OESTE E AMERICANA - COOP DE TRABALHO MÉDICO
355721;5,82297E+13;UNIMED DE SANTOS COOP DE TRAB MEDICO
354619;9,61821E+13;UNIMED DE SAO JOSÉ DO RIO PARDO-COOP. DE TRAB. MÉDICO
303178;7,64911E+12;UNIMED DE SOBRAL SOCIEDADE COOPERATIVA MÉDICA LTDA
318388;7,45212E+13;UNIMED DE SÃO ROQUE - COOPERATIVA DE TRABALHO MÉDICO
361941;6037000127;UNIMED DE TATUI - COOPERATIVA DE TRABALHO MÉDICO
363286;4,51714E+13;UNIMED DE TAUBATÉ COOPERATIVA DE TRABALHO MÉDICO
364860;8,52413E+13;UNIMED DE TUBARAO - COOPERATIVA DE TRABALHO MEDICO DA REGIAO DA AMUREL
365530;5,67622E+13;UNIMED DE TUPA COOPERATIVA DE TRABALHO MÉDICO
362573;2,56865E+13;UNIMED DE UBA COOPERATIVA DE TRABALHO MEDICO
364584;3,5918E+13;UNIMED DE VOLTA REDONDA COOPERATIVA DE TRABALHO MÉDICO
319121;2,52508E+13;UNIMED DIVINOPOLIS - COOPERATIVA DE TRABALHO MEDICO LTDA
300870;4,80901E+13;UNIMED DO BRASIL - CONF. NACIONAL DAS COOPERATIVAS MÉDICAS
356123;7,5834E+12;UNIMED DO CARIRI - SOCIEDADE COOPERATIVA MÉDICA LTDA
321958;1,03954E+13;UNIMED DO CEARÁ - FEDERAÇÃO DAS SOCIEDADES COOPERATIVAS MÉDICAS DO ESTADO DO CEARÁ LTDA.
312363;3,14328E+13;UNIMED DO EST. DO RJ FEDERAÇÃO EST. DAS COOPERATIVAS MÉDICAS
355691;7,65909E+13;UNIMED DO ESTADO DE SANTA CATARINA FED. EST. DAS COOP. MÉD.
319996;4,36431E+13;UNIMED DO ESTADO DE SÃO PAULO - FEDERAÇÃO ESTADUAL DAS COOP. MÉDICAS
312720;7,83394E+13;UNIMED DO ESTADO DO PARANÁ FEDERAÇÃO ESTADUAL DAS COOPERATIVAS MÉDICAS
325082;3,40631E+13;UNIMED DO OESTE DA BAHIA COOPERATIVA DE TRABALHO MÉDICO
350371;1,64156E+13;UNIMED DO SUDOESTE COOPERATIVA DE TRABALHO MEDICO LTDA
311715;7,39364E+13;UNIMED ENCOSTA DA SERRA/RS SOCIEDADE COOPERATIVA DE SERVIÇOS DE SAÚDE LTDA.
357022;8,76383E+13;UNIMED ERECHIM - COOPERATIVA DE SERVIÇOS DE SAÚDE LTDA.
340251;8,0654E+13;UNIMED EXTREMO OESTE CATARINENSE COOPERATIVA DE TRABALHO MÉDICO
346209;4,20431E+13;UNIMED EXTREMO SUL COOPERATIVA DE TRABALHO MÉDICO
328031;2,51126E+12;UNIMED FEDERAÇAO DO ESTADO DO MATO GROSSO
354783;4,53096E+13;UNIMED FRANCA - SOCIEDADE COOPERATIVA DE SERVIÇOS MÉDICOS E HOSPITALARES
336858;8,17105E+13;UNIMED FRANCISCO BELTRAO COOPERATIVA DE TRABALHO MEDICO
352179;8,76895E+13;UNIMED FRONTEIRA NOROESTE/RS - COOPERATIVA DE ASSISTÊNCIA À SAÚDE LTDA.
371564;2,24834E+12;UNIMED FRUTAL COOPERATIVA DE TRABALHO MEDICO LTDA
382876;2,47607E+12;UNIMED GOIANIA COOPERATIVA DE TRABALHO MÉDICO
386588;4,28923E+13;UNIMED GOVERNADOR VALADARES COOP. DE TRABALHO MÉDICO LTDA.
360449;7,78586E+13;UNIMED GRANDE FLORIANÓPOLIS-COOPERATIVA DE TRABALHO MEDICO
322571;7,80448E+13;UNIMED GUARAPUAVA COOPERATIVA DE TRABALHO MÉDICO
318035;2,62915E+13;UNIMED GUAXUPÉ COOPERATIVA DE TRABALHO MEDICO
301124;1,47662E+12;UNIMED GURUPI COOPERATIVA DE TRABALHO MÉDICO
304395;2,27208E+13;UNIMED INCONFIDENTES COOPERATIVA DE TRABALHO MÉDICO LTDA.
320838;1,64787E+12;UNIMED INTRAFEDERATIVA FEDERAÇÃO REGIONAL SUL DE MINAS
335517;6,52764E+13;UNIMED ITABIRA COOPERATIVA DE TRABALHO MÉDICO
322831;2,38022E+13;UNIMED ITAJUBA COOPERATIVA DE TRABALHO MEDICO
356581;7,10639E+13;UNIMED ITAÚNA COOPERATIVA DE TRABALHO MÉDICO LTDA.
301060;4,1872E+13;UNIMED ITUIUTABA COOPERATIVA TRABALHO MÉDICO LTDA.
321044;8,68064E+12;UNIMED JOAO PESSOA - COOPERATIVA DE TRABALHO MÉDICO
352314;6,61913E+13;UNIMED JOÃO MONLEVADE COOPERATIVA DE TRABALHO MÉDICO LTDA.
306886;1,76894E+13;UNIMED JUIZ DE FORA COOPERATIVA DE TRABALHO MÉDICO LTDA
303267;5,67271E+13;UNIMED JUNDIAI - COOPERATIVA DE TRABALHO MÉDICO
345458;6,64772E+13;UNIMED LAVRAS COOPERATIVA DE TRABALHO MÉDICO
386901;4,29365E+13;UNIMED LEOPOLDINA COOPERATIVA DE TRABALHO MÉDICO LTDA
358088;5,36783E+13;UNIMED LESTE PAULISTA COOPERATIVA DE TRABALHO MÉDICO
303356;8,53772E+13;UNIMED LITORAL COOPERATIVA DE TRABALHO MÉDICO LTDA
300136;1,03956E+11;UNIMED LITORAL SUL/RS - COOPERATIVA DE ASSISTÊNCIA À SAÚDE LTDA.
327689;1,24427E+13;UNIMED MACEIO COOPERATIVA DE TRABALHO MÉDICO
354678;8,65849E+13;UNIMED MACHADO COOPERATIVA DE TRABALHO MEDICO
352543;7,05719E+12;UNIMED MARANHÃO DO SUL - COOPERATIVA DE TRABALHO MÉDICO
321087;3,68318E+11;UNIMED MARQUES DE VALENÇA COOPERATIVA DE TRABALHO MÉDICO LTDA.
301744;1,35602E+12;UNIMED MEIO OESTE CATARINENSE COOPERATIVA DE TRABALHO MÉDICO
318566;3,56428E+13;UNIMED METROPOLITANA DO AGRESTE - COOPERATIVA DE TRABALHO MÉDICO
311618;8,77012E+13;UNIMED MISSÕES/RS - COOPERATIVA DE ASSISTÊNCIA À SAÚDE LTDA.
304051;1,69216E+13;UNIMED MONTES CLAROS COOPERATIVA DE  TRABALHO MÉDICO LTDA.
342157;2,19268E+12;UNIMED MORRINHOS COOPERATIVA DE TRABALHO MEDICO
368148;2,59714E+13;UNIMED MURIAÉ COOPERATIVA DE TRABALHO MEDICO LTDA
339679;2,81247E+12;UNIMED NACIONAL - COOPERATIVA CENTRAL
335592;8,3807E+12;UNIMED NATAL SOC. COOP. DE TRAB. MÉDICO
328294;1,55946E+12;UNIMED NORDESTE PAULISTA - FED. INTRAFEDERATIVA DAS COOP. MÉDICAS
371629;3,93847E+13;UNIMED NOROESTE CAPIXABA COOPERATIVA DE TRABALHO MÉDICO.
315494;4,19055E+13;UNIMED NOROESTE DE MINAS COOPERATIVA DE TRABALHO MEDICO LTDA
365777;8,17109E+13;UNIMED NOROESTE DO PARANÁ COOP DE TRABALHO MÉDICO .
360414;2,8974E+13;UNIMED NOROESTE FLUMINENSE - COOPERATIVA DE TRABALHO MÉDICO LTDA
357260;8,76478E+13;UNIMED NOROESTE/RS - SOCIEDADE COOPERATIVA DE ASSISTÊNCIA À SAÚDE LTDA.
371777;3,5989E+13;UNIMED NORTE CAPIXABA- COOPERATIVA DE TRABALHO MÉDICO
353663;7,39671E+13;UNIMED NORTE DO MATO GROSSO COOPERATIVA DE TRABALHO MÉDICO
358282;8,02972E+13;UNIMED NORTE DO PARANÁ COOPERATIVA REGIONAL DE TRABALHO MÉDICO
312592;3,04177E+13;UNIMED NORTE FLUMINENSE COOPERATIVA DE TRABALHO MEDICO
323055;6,90879E+13;UNIMED NORTE PAULISTA - COOPERATIVA DE TRABALHO MÉDICO
366064;7,8953E+13;UNIMED NORTE PIONEIRO - COOPERATIVA DE TRABALHO MÉDICO
324213;9,23701E+12;UNIMED NORTE/NORDESTE-FEDERAÇÃO INTERFEDERATIVA DAS SOCIEDADES COOPERATIVAS DE TRABALHO MÉDICO EM RECUPERAÇÃO JUDICIAL
335479;2,91358E+13;UNIMED NOVA FRIBURGO-SOC.COOP.SERV.MED.HOSP.LTDA.
344397;2,87145E+13;UNIMED NOVA IGUACU COOPERATIVA DE TRABALHO MEDICO
305227;7,84208E+13;UNIMED OESTE DO PARANA - COOPERATIVA DE TRABALHO MEDICO
362140;1,02199E+13;UNIMED OESTE DO PARÁ - COOPERATIVA DE TRABALHO MÉDICO
415014;6,09117E+12;UNIMED OS BANDEIRANTES COOPERATIVA DE TRABALHO MÉDICO
309907;3,73135E+13;UNIMED PALMAS COOPERATIVA DE TRABALHO MÉDICO
324523;4,09602E+13;UNIMED PARAIBA - FEDERAÇAO DAS SOCIEDADES COOPERATIVAS DE TRABALHO MEDICO
304344;4,29405E+13;UNIMED PARÁ DE MINAS COOPERATIVA DE TRABALHO MÉDICO LTDA.
370681;8,08716E+13;UNIMED PATO BRANCO SOCIEDADE COOPERATIVA DE MÉDICOS
336467;8,31581E+12;UNIMED PATOS - COOPERATIVA DE TRABALHO MÉDICO
353060;3,84995E+13;UNIMED PATOS DE MINAS COOPERATIVA TRABALHO MÉDICO LTDA.
355593;4,16872E+13;UNIMED PATROCÍNIO COOPERATIVA DE TRABALHO MÉDICO LTDA.
311375;8,98705E+13;UNIMED PELOTAS/RS - COOPERATIVA DE ASSISTÊNCIA À SAÚDE LTDA.
323993;2,88065E+13;UNIMED PETROPOLIS-RJ COOPERATIVA DE TRABALHO MÉDICO
362832;8,91001E+13;UNIMED PLANALTO CENTRAL/RS - COOPERATIVA DE ASSISTÊNCIA  À SAÚDE LTDA.
319384;8,76071E+13;UNIMED PLANALTO MÉDIO/RS - COOPERATIVA DE ASSISTÊNCIA À SAÚDE LTDA.
349712;7,77817E+13;UNIMED PONTA GROSSA COOPERATIVA DE TRABALHO MEDICO
353876;7,30439E+11;UNIMED PONTAL DO TRIÂNGULO - COOPERATIVA DE TRABALHO MÉDICO
343722;1,01247E+12;UNIMED PONTE NOVA COOPERATIVA DE TRABALHO MEDICO LTDA
352501;8,70966E+13;UNIMED PORTO ALEGRE - COOPERATIVA MÉDICA LTDA.
337374;5,65723E+12;UNIMED PORTO VELHO - SOCIEDADE COOPERATIVA MÉDICA LTDA
316148;4,17819E+13;UNIMED POÇOS DE CALDAS - SOC. COOP. DE TRAB. E SERVIÇOS MÉDICOS
344885;1,12146E+13;UNIMED RECIFE COOPERATIVA DE TRABALHO MÉDICO
311847;4,9211E+13;UNIMED REGIONAL DA BAIXA MOGIANA - COOPERATIVA DE TRABALHO MÉDICO
306100;8,17157E+13;UNIMED REGIONAL DE CAMPO MOURÃO COOP TRAB MEDICO 
316458;4,15114E+13;UNIMED REGIONAL DE FLORIANO - COOPERATIVA DE TRABALHO MÉDICO
313475;6,96122E+13;UNIMED REGIONAL DE PICOS - COOPERATIVA DE TRABALHO MÉDICO
342386;3,98021E+12;UNIMED REGIONAL DE TRES LAGOAS COOPERATIVA DE TRABALHO MÉDICO
306762;2,32204E+12;UNIMED REGIONAL JAU - COOPERATIVA DE TRABALHO MÉDICO
371254;7,67672E+13;UNIMED REGIONAL MARINGÁ COOP.DE TRABALHO MÉDICO
305472;3,3547E+13;UNIMED REGIONAL SUL GOIAS COOP. DE TRABALHO MÉDICO LTDA
350648;8,96405E+13;UNIMED REGIÃO DA CAMPANHA/RS - COOPERATIVA DE ASSISTÊNCIA À SAÚDE LTDA.
328375;9,23161E+13;UNIMED REGIÃO DA FRONTEIRA - RS COOPERATIVA DE ASSISTÊNCIA À SAÚDE LTDA.
353698;5,32888E+11;UNIMED REGIÃO DA PRODUÇÃO/RS - COOPERATIVA DE ASSISTÊNCIA À SAÚDE LTDA
330566;6,87092E+13;UNIMED RESENDE COOPERATIVA DE TRABALHO MÉDICO
337871;8,43137E+13;UNIMED RIO BRANCO COOPERATIVA DE TRABALHO MEDICO LTDA
320251;3,72756E+13;UNIMED RIO VERDE COOPERATIVA TRABALHO MEDICO
359777;2,46769E+13;UNIMED RONDONOPOLIS COOPERATIVA DE TRABALHO MÉDICO LTDA
346276;5,88372E+13;UNIMED SALTO/ITU - COOPERATIVA MÉDICA
319708;8,74974E+13;UNIMED SANTA MARIA/RS - COOPERATIVA DE ASSISTÊNCIA À SAÚDE LTDA
331872;6,02145E+13;UNIMED SAO JOSE DOS CAMPOS - COOPERATIVA DE TRABALHO MEDICO
335100;4,51001E+13;UNIMED SAO JOSÉ DO RIO PRETO - COOP. DE TRABALHO MÉDICO
416801;1,04142E+13;UNIMED SAÚDE E ODONTO S.A
701;4,48726E+12;UNIMED SEGUROS SAÚDE S/A
337668;1,33603E+13;UNIMED SERGIPE - COOPERATIVA DE TRABALHO MÉDICO
325571;8,78277E+13;UNIMED SERRA GAUCHA/RS COOPERATIVA DE ASSISTENCIA A SAUDE LTDA
348295;4,54E+13;UNIMED SOROCABA COOPERATIVA DE TRABALHO MÉDICO
343153;2,42948E+13;UNIMED SOUSA - COOPERATIVA DE TRABALHO MÉDICO
324175;7,10645E+13;UNIMED SUDOESTE DE MINAS COOPERATIVA DE TRABALHO MÉDICO
327468;6,69163E+13;UNIMED SUDOESTE PAULISTA COOPERATIVA DE TRABALHO MÉDICO
320706;3,2441E+13;UNIMED SUL CAPIXABA COOPERATIVA DE TRABALHO MÉDICO
353027;5,71498E+13;UNIMED SUL PAULISTA - COOPERATIVA DE TRABALHO MÉDICO
354031;4,53592E+13;UNIMED SÃO CARLOS - COOPERATIVA DE TRABALHO MÉDICO
323926;2,53291E+13;UNIMED SÃO JOÃO DEL REI - COOPERATIVA DE TRABALHO MÉDICO
327638;7,11869E+13;UNIMED SÃO JOÃO NEPOMUCENO COOPERATIVA DE TRABALHO MÉDICO LTDA.
370088;2,54716E+13;UNIMED SÃO LOURENÇO COOPERATIVA DE TRABALHO MÉDICO
327352;6,64532E+13;UNIMED SÃO SEBASTIÃO DO PARAÍSO COOPERATIVA DE TRABALHO MÉDICO
316881;6,63436E+13;UNIMED TEOFILO OTONI COOPERATIVA DE TRABALHO MÉDICO
353353;7,24114E+12;UNIMED TERESINA - COOPERATIVA DE TRABALHO MÉDICO
359033;4,2856E+13;UNIMED TRÊS CORAÇÕES COOPERATIVA DE TRABALHO MÉDICO LTDA.
364070;6,43888E+13;UNIMED TRÊS PONTAS - COOPERATIVA DE TRABALHO MÉDICO
337498;9,46953E+11;UNIMED TRÊS RIOS COOPERATIVA DE TRABALHO MÉDICO
354066;1,77747E+13;UNIMED UBERABA COOPERATIVA DE TRABALHO MEDICO LTDA.
384577;1,77907E+13;UNIMED UBERLÂNDIA COOPERATIVA REGIONAL TRABALHO MÉDICO LTDA
335541;9,21286E+13;UNIMED VALE DAS ANTAS, RS - COOPERATIVA DE ASSISTÊNCIA À SAÚDE LTDA.
359289;1,69919E+13;UNIMED VALE DO AÇO COOPERATIVA DE TRABALHO MÉDICO
337561;8,64835E+13;UNIMED VALE DO CARANGOLA COOPERATIVA DE TRABALHO MEDICO LTDA
313211;8,73064E+13;UNIMED VALE DO CAÍ/RS - COOPERATIVA DE ASSISTÊNCIA À SAÚDE LTDA.
302228;7,47041E+11;UNIMED VALE DO CORUMBÁ COOPERATIVA DE TRABALHO MEDICO
370975;7,05239E+13;UNIMED VALE DO JAURU COOPERATIVA DE TRABALHO MÉDICO
334511;1,77332E+12;UNIMED VALE DO PARAÍBA - FEDERAÇÃO INTRAFEDERATIVA DAS COOPERATIVAS MÉDICAS
308811;8,05257E+13;UNIMED VALE DO PIQUIRI-COOPERATIVA DE TRABALHO MÉDICO VALE DO PIQUIRI 
314099;2,59739E+12;UNIMED VALE DO SEPOTUBA - COOPERATIVA DE TRABALHO MÉDICO
356417;8,82589E+13;UNIMED VALE DO SINOS - COOPERATIVA DE ASSISTÊNCIA À SAÚDE LTDA
323268;4,0853E+13;UNIMED VALE DO SÃO FRANCISCO COOPERATIVA DE TRABALHO MÉDICO
311057;1,37114E+12;UNIMED VALE DO URUCUIA - COOPERATIVA DE TRABALHO MEDICO LTDA
344729;1,78455E+13;UNIMED VARGINHA COOPERATIVA DE TRABALHO MÉDICO
317896;7,14998E+13;UNIMED VERTENTE DO CAPARAÓ - COOPERATIVA DE TRABALHO MÉDICO LTDA
342131;1,65909E+12;UNIMED VILHENA - COOPERATIVA DE TRABALHO MEDICO LTDA
357391;2,75784E+13;UNIMED VITORIA COOPERATIVA DE TRABALHO MEDICO
314587;6,63435E+13;UNIMED VIÇOSA - COOPERATIVA DE TRABALHO MÉDICO
393321;4,21639E+13;UNIMED-RIO COOPERATIVA DE TRABALHO MEDICO DO RIO DE JANEIRO
343731;2,86305E+13;UNIMED-SÃO GONÇALO - NITERÓI - SOC.COOP.SERV.MED E HOSP LTDA
414891;1,14149E+12;UNIODONTO - COOPERATIVA ODONTOLOGICA DE CARUARU E REGIÃO AGRESTE DO ESTADO DE PERNAMBUCO
403512;2,98869E+12;UNIODONTO ARAPIRACA COOPERATIVA DE TRABALHO ODONTOLÓGICO LTDA
340120;3,90564E+11;UNIODONTO ATHENAS PAULISTA - COOPERATIVA ODONTOLÓGICA
383929;6,29608E+11;UNIODONTO BAHIA SUL - COOPERATIVA ODONTOLOGICA DE ILHEUS RESPONSABILIDADE LTDA
327093;6,60954E+13;UNIODONTO BEBEDOURO - COOPERATIVA ODONTOLÓGICA
368555;1,53085E+13;UNIODONTO BELÉM - COOPERATIVA DE ASSISTÊNCIA À SAÚDE ODONTOLÓGICA
353752;8,73038E+13;UNIODONTO COOP ODONT VALE TAQUARI E RIO PARDO LTDA
343919;1,75128E+12;UNIODONTO COOPERATIVA ODONTOLÓGICA DO SERIDÓ LTDA
347604;6,90151E+13;UNIODONTO DE AMERICANA COOPERATIVA ODONTOLÓGICA
349283;3,28442E+13;UNIODONTO DE ARACAJU COOP DE TRABALHO ODONTOLOGICO
316997;6,54422E+13;UNIODONTO DE ARARAQUARA COOPERATIVA ODONTOLÓGICA
362824;1,85669E+12;UNIODONTO DE ARAÇATUBA COOPERATIVA ODONTOLOGICA
311669;14922000158;UNIODONTO DE AVARE COOPERATIVA ODONTOLÓGICA
347477;1,9464E+12;UNIODONTO DE BOTUCATU COOPERATIVA ODONTOLOGICA
347302;22130000125;UNIODONTO DE CACAPAVA COOPERATIVA ODONTOLOGICA
350494;5,13048E+13;UNIODONTO DE CAMPINAS COOPERATIVA ODONTOLÓGICA
347183;3,51189E+12;UNIODONTO DE CAMPO GRANDE SIST. NAC. COOP. ODONT.
402516;3,00585E+12;UNIODONTO DE CAMPOS - COOPERATIVA ODONTOLOGICA
354686;8,55599E+11;UNIODONTO DE CATANDUVA COOPERATIVA ODONTOLÓGICA
400556;1,63259E+13;UNIODONTO DE FEIRA DE SANTANA - COOPERATIVA DE TRABALHO ODONTOLÓGICO DE FEIRA DE SANTANA RESP LIMITADA
301647;2,01557E+12;UNIODONTO DE FERNANDOPOLIS COOPERATIVA ODONTOLOGICA
335258;2,37251E+13;UNIODONTO DE FORTALEZA COOPERATIVA DE TRABALHO ODONTOLOGICO LTDA
309257;2,08525E+12;UNIODONTO DE JALES - COOPERATIVA ODONTOLÓGICA
361569;1,29235E+13;UNIODONTO DE JOÃO PESSOA COOPERATIVA ODONTOLÓGICA
347795;5,95274E+13;UNIODONTO DE JUNDIAÍ COOPERATIVA ODONTOLÓGICA
369462;6,30624E+13;UNIODONTO DE LIMEIRA COOPERATIVA ODONTOLÓGICA
344681;8,47821E+11;UNIODONTO DE LINS COOPERATIVA ODONTOLOGICA
350770;8,22395E+13;UNIODONTO DE LONDRINA COOP. ODONTOLÓGICA
311391;2,30315E+13;UNIODONTO DE MANAUS - COOPERATIVA ODONTOLÓGICA LTDA.
343404;3,74968E+13;UNIODONTO DE MATO GROSSO COOP TRAB ODONTOLOGICO LTDA
336238;1,59274E+12;UNIODONTO DE MONTE ALTO COOPERATIVA ODONTOLOGICA
331104;2,06403E+12;UNIODONTO DE PINDAMONHANGABA COOP ODONTOLOGICA
336017;1,72586E+11;UNIODONTO DE PRESIDENTE PRUDENTE COOPERATIVA ODONTOLOGICA
305740;2,41251E+13;UNIODONTO DE RECIFE - COOPERATIVA ODONTOLÓGICA
403997;2,94849E+12;UNIODONTO DE RIO BRANCO ACRE COOPERATIVA ODONTOLÓGICA LTDA.
349011;9,66093E+13;UNIODONTO DE RIO CLARO COOPERATIVA ODONTOLOGICA
336025;2,74209E+12;UNIODONTO DE RONDONIA COOPERATIVA LTDA.
310107;1,34164E+13;UNIODONTO DE SALVADOR - COOPERATIVA DE TRABALHO ODONTOLÓGICO LTDA.
378682;1,2213E+12;UNIODONTO DE SAO JOSE DO RIO PARDO - COOPERATIVA ODONTOLÓGICA
342203;2,33827E+12;UNIODONTO DE SC COOPERATIVA ADMINISTRADORA DE CONTRATOS
373109;8,26676E+11;UNIODONTO DE SERTAOZINHO SP COOPERATIVA ODONTOLOGICA
334243;5,87029E+13;UNIODONTO DE SOROCABA COOPERATIVA ODONTOLÓGICA
313751;7,31628E+13;UNIODONTO DE SÃO JOSÉ DOS CAMPOS COOPERATIVA DE TRABALHO ODONTOLÓGICO
350290;1,90294E+12;UNIODONTO DE TAQUARITINGA COOPERATIVA ODONTOLÓGICA
359726;2,41886E+12;UNIODONTO DE TRÊS RIOS - COOPERATIVA DE TRABALHO ODONTOLÓGICA
350630;1,42292E+12;UNIODONTO DE VOTUPORANGA COOPERATIVA ODONTOLOGICA
314315;4,45959E+13;UNIODONTO DO BRASIL CENTRAL NACIONAL DAS COOPERATIVAS ODONTÓLOGICAS
358339;3,72566E+13;UNIODONTO DO SUL GOIANO COOPERATIVA ODONTOLOGICA
313807;1,99703E+11;UNIODONTO DOURADOS - COOPERATIVA ODONTOLÓGICA
370711;2,58097E+12;UNIODONTO ESPIRITO SANTO COOPERATIVA ODONTOLOGICA
341894;1,19565E+11;UNIODONTO FRONTEIRA OESTE/RS COOPERATIVA ODONTOLÓGICA LTDA.
358436;8,91689E+11;UNIODONTO GOIANIA COOPERATIVA DE CIRURGIÕES DENTISTAS
343056;5,31736E+11;UNIODONTO JACAREÍ COOPERATIVA ODONTOLÓGICA
321125;2,42439E+13;UNIODONTO MACEIÓ COOPERATIVA ODONTOLÓGICA
381144;1,36754E+12;UNIODONTO MARINGA COOPERATIVA ODONTOLOGICA
382337;1,06631E+12;UNIODONTO METROPOLITANA COOPERATIVA ODONTOLÓGICA.
303291;2,31378E+12;UNIODONTO MOSSORÓ - COOPERATIVA DOS CIRURGIÕES DENTISTAS DE MOSSORÓ E REGIÃO OESTE
419729;2,76841E+12;UNIODONTO PASSOS - COOPERATIVA ODONTOLÓGICA
361593;9,63964E+13;UNIODONTO PAULISTA-FEDERAÇÃO DAS COOPERATIVAS ODONTOLÓGICAS DO ESTADO DE SÃO PAULO
402109;2,77273E+12;UNIODONTO PAULO AFONSO COOPERATIVA DE TRABALHO ODONTOLÓGICO LTDA.
346004;5,22045E+13;UNIODONTO PIRACICABA - COOPERATIVA ODONTOLÓGICA
378941;2,26028E+12;UNIODONTO PIRASSUNUNGA - COOPERATIVA ODONTOLÓGICA
315818;8,26212E+13;UNIODONTO PONTA GROSSA COOPERATIVA ODONTOLÓGICA
366439;8,89381E+13;UNIODONTO PORTO ALEGRE COOPERATIVA ODONTOLOGICA LTDA
344451;2,61852E+13;UNIODONTO REGIONAL COOPERATIVA ODONTOLOGICA
406121;3,15004E+12;UNIODONTO RESENDE - COOPERATIVA ODONTOLOGICA
367966;2,66231E+12;UNIODONTO RIO GRANDE-LITORAL COOPERATIVA ODONTOLOGICA LTDA
305421;7,21201E+13;UNIODONTO RS FEDERACAO DAS UNIODONTOS DO RGS LTDA
327441;1,29079E+12;UNIODONTO SUDESTE MINEIRO COOPERATIVA DE SAÚDE ODONTOLÓGICA LTDA
314871;2,03368E+12;UNIODONTO SUDOESTE GOIANO - COOPERATIVA DE TRABALHO ODONTOLOGICO
335525;5,49122E+13;UNIODONTO SÃO CARLOS -  COOPERATIVA ODONTOLÓGICA
303259;5,32061E+13;UNIODONTO SÃO JOSÉ DO RIO PRETO - COOPERATIVA ODONTOLÓGICA
319350;2,03049E+12;UNIODONTO TAUBATÉ COOPERATIVA DE TRABALHO ODONTOLOGICO
370568;1,73331E+13;UNIODONTO UBERABA - COOPERATIVA DE ASSISTÊNCIA À SAÚDE ODONTOLÓGICA LTDA
382655;2,1498E+12;UNIODONTO VALE HISTORICO COOPERATIVA ODONTOLOGICA
345318;8,23781E+12;UNIODONTO/RN - COOPERATIVA ODONTOLOGICA DO RIO GRANDE DO NORTE
420808;2,47056E+13;UNION ADMINISTRADORA DE BENEFÍCIOS EM SAÚDE LTDA - EPP
421278;2,90459E+13;UNIPACTUM ADMINISTRADORA DE BENEFÍCIOS LTDA.
423114;4,37076E+13;UNITY ADMINISTRADORA DE BENEFÍCIOS LTDA
423335;4,64266E+13;UNITY SERVIÇOS INTEGRADOS DE SAÚDE LTDA.
413348;6,73633E+13;UNIVERSAL PLANO ODONTOLOGICO LTDA
422134;3,46081E+13;UNIVIDA USA OPERADORA EM SAUDE S/A
418137;1,10764E+13;UNIX SAÚDE S.A
424609;6,03981E+13;UNIÃO HOSPITAIS DE PERNAMBUCO LTDA
414581;4,74575E+12;UNIÃO MÉDICA PLANOS DE SAÚDE S/A
423131;4,40609E+13;UNIÃO SAUDE ADMINISTRADORA DE PLANOS DE SAUDE LTDA
422126;3,48116E+13;UP HEALTH ADMINISTRADORA DE BENEFÍCIOS S/A
422223;2,78414E+13;UP SOLUÇÕES EM SAÚDE LTDA 
419061;1,63846E+13;USODONTO PLANOS DE SAÚDE LTDA
424048;2,97542E+13;VALE PLANOS DE SAÚDE LTDA
345695;3,35925E+13;VALE S/A
417301;1,134E+13;VALEM ADMINISTRADORA DE BENEFÍCIOS LTDA
417581;1,20911E+13;VALLOR ADMINISTRADORA DE BENEFÍCIOS LTDA
423751;5,15121E+13;VALOR SAUDE ADMINISTRADORA DE BENEFICIOS LTDA
424013;5,1422E+13;VCT PLANOS DE SAUDE LTDA
420018;2,3533E+13;VECTORIAL ADMINISTRADORA DE BENEFÍCIOS LTDA
424412;3,7844E+13;VETTOR ADMINISTRADORA DE BENEFICIOS LTDA
422240;3,01689E+13;VIDA & SAUDE ADMINISTRADORA DE PLANOS DE SAUDE LTDA
424773;6,37821E+13;VIDA E SAUDE ASSISTENCIA MEDICA LTDA.
422835;4,12489E+13;VIDA TOP MAIS SAÚDE OPERADORA DE PLANOS DE SAÚDE LTDA.
416789;9,16478E+12;VIDAMAX ADMINISTRADORA DE BENEFÍCIOS LTDA
344443;8,64888E+11;VIDAPLAN SAÚDE LTDA. 
414905;1,64834E+12;VITA ASSISTÊNCIA A SAÚDE LTDA.
423831;5,09918E+13;VITACARE PLANOS DE SAUDE LTDA
424722;6,21702E+13;VITAPLENA OPERADORA DE PLANOS DE SAÚDE LTDA
423378;4,66829E+13;VITREA ADMINISTRADORA DE BENEFÍCIOS LTDA
422592;2,96041E+13;VITTA SAUDE ADMINISTRADORA DE BENEFICIOS LTDA.
361461;3,7881E+13;VIVACOM PLANOS DE SAÚDE
414662;4,9111E+12;VIVENTERIS LTDA
422657;4,02085E+13;VIVER BEM ADMINISTRADORA DE BENEFÍCIOS LTDA
424480;5,80542E+13;VIVER SAUDE LTDA
417122;7,98397E+12;VOCÊ CLUBE DE BENEFÍCIOS SOCIAIS, SAÚDE E ODONTOLÓGICO LTDA
422487;3,7319E+13;VOCÊ TOTAL PLANOS DE SAÚDE LIMITADA
414247;4,39994E+13;VOLVO DO BRASIL VEÍCULOS LTDA.
421049;2,71192E+13;W. DENTAL PLANOS ODONTOLÓGICOS S.A
419231;1,91127E+13;WIN - ADMINISTRADORA DE BENEFÍCIOS LTDA
351628;1,12731E+12;WM ADMINISTRAÇÃO DE PLANOS ODONTOLÓGICOS LTDA.
421936;3,33319E+13;WRE BENEFÍCIOS EM SAÚDE  LTDA
423084;4,08609E+13;XIPP INTEGRADORA E ADMINISTRADORA DE BENEFICIOS LTDA
423505;4,60244E+13;XP ADMINISTRADORA DE BENEFÍCIOS LTDA.
424111;5,30119E+13;YELLOW ADMINISTRADORA DE BENEFÍCIOS LTDA
422380;3,7354E+13;YOU ASSISTÊNCIA MÉDICA LTDA.
423092;4,32271E+13;YOU ODONTO LTDA.
424315;5,80142E+13;ZEUX ADMINISTRADORA DE BENEFICIOS LTDA
419354;1,49272E+13;ZURICH SANTANDER BRASIL ODONTO LTDA.
400882;2,81137E+12;ÁPICE ODONTO ASSISTÊNCIA ODONTOLÓGICA LTDA
407534;2,80237E+13;ÔNIX OPERADORA DE PLANOS DE SAÚDE LTDA
421944;3,33791E+13;ÚNICA ASSISTENCIA MEDICA LTDA 
